<?xml version="1.0" encoding="UTF-8"?>
<process-application
	xmlns="http://www.camunda.org/schema/1.0/ProcessApplication" xmlns:xsi="http://www.w3.org/2001/XMLSchema-instance">

	<process-archive name="example-process-archive">
		<process-engine>default</process-engine>
		<resource>bpmn/log-message.bpmn</resource>
		<resource>bpmn/TestHumanTask.bpmn</resource>
		<resource>bpmn/SampleTestProcessDelegate.bpmn</resource>
		<resource>bpmn/dish.dmn</resource>
		<properties>
			<property name="isDeleteUponUndeploy">true</property>
			<property name="isScanForProcessDefinitions">false</property>
		</properties>
	</process-archive>

</process-application>