<assembly
	xmlns="http://maven.apache.org/plugins/maven-assembly-plugin/assembly/1.1.2"
	xmlns:xsi="http://www.w3.org/2001/XMLSchema-instance"
	xsi:schemaLocation="http://maven.apache.org/plugins/maven-assembly-plugin/assembly/1.1.2 http://maven.apache.org/xsd/assembly-1.1.2.xsd">
	<id>${version}_properties</id>
	<includeBaseDirectory>false</includeBaseDirectory>
	<formats>
		<format>zip</format>
	</formats>
	<fileSets>
		<fileSet>
			<directory>${project.basedir}/target/versioned-ajsc/props</directory>
			<outputDirectory>${module.ajsc.namespace.name}/${module.ajsc.namespace.version}/props/</outputDirectory>
			<includes>
				<include>*.props</include>
			</includes>

		</fileSet>

	</fileSets>

</assembly>

