<?xml version="1.0" encoding="UTF-8"?>
<process-application
	xmlns="http://www.camunda.org/schema/1.0/ProcessApplication" xmlns:xsi="http://www.w3.org/2001/XMLSchema-instance">
	<process-archive name="wireless-upgrade-process-archive">
		<process-engine>default</process-engine>
		<resource>bpmn/HSAdaptorProcess.bpmn</resource>
		<resource>bpmn/ExistingWLAndNewFMOWireline.bpmn</resource>
		<resource>bpmn/IUSApp.bpmn</resource>
		<resource>bpmn/wireline_parentprocess.bpmn</resource>
		<resource>bpmn/AddressValidation.bpmn</resource>
		<resource>bpmn/HSFMOAccountCreation.bpmn</resource>
		<resource>bpmn/EUCPC_UUCPProcess.bpmn</resource>
		<resource>bpmn/HSCompatibilityAndQuotationProcess.bpmn</resource>
		<resource>bpmn/SMBChildOrderProcess.bpmn</resource>
		<resource>bpmn/ReserveTN.bpmn</resource>
		<resource>bpmn/ATPO.bpmn</resource>
		<resource>bpmn/WorkServiceConflictResolution.bpmn</resource>
		<resource>dmn/OrderAutomationQualificationRules.dmn</resource>
		<resource>bpmn/CWP_PROCESS.bpmn</resource>
		<resource>bpmn/AddWirelinePaymentProcess.bpmn</resource>
		<properties>
			<property name="isDeleteUponUndeploy">false</property>
			<property name="isScanForProcessDefinitions">false</property>
		</properties>
	</process-archive>

</process-application>