<?xml version="1.0" encoding="ISO-8859-1"?>
<web-app xmlns="http://java.sun.com/xml/ns/javaee" xmlns:xsi="http://www.w3.org/2001/XMLSchema-instance"
	xsi:schemaLocation="http://java.sun.com/xml/ns/javaee http://java.sun.com/xml/ns/javaee/web-app_3_0.xsd"
	metadata-complete="false" version="3.0">

<!-- 	<filter-mapping>
		<filter-name>AttCadiSecurity</filter-name>
		<url-pattern>/camunda/*</url-pattern>
	</filter-mapping>
 -->
	<filter-mapping>
        <filter-name>WriteableRequestFilter</filter-name>
        <url-pattern>/*</url-pattern>
    </filter-mapping>
	
 	<filter-mapping>
		<filter-name>InterceptorFilter</filter-name>
		<url-pattern>/restservices/*</url-pattern>
 	</filter-mapping>  

	<filter-mapping>
		<filter-name>InterceptorFilter</filter-name>
		<url-pattern>/services/*</url-pattern>
 	</filter-mapping>
	<!-- BEGIN CAMUNDA -->
	
  <filter-mapping>
    <filter-name>Authentication Filter</filter-name>
    <url-pattern>/camunda/*</url-pattern>
    <!--  dispatcher>REQUEST</dispatcher -->
  </filter-mapping>
  
  <filter-mapping>
    <filter-name>SecurityFilter</filter-name>
    <url-pattern>/camunda/*</url-pattern>
    <!--  dispatcher>REQUEST</dispatcher -->
  </filter-mapping>
  	
  <filter-mapping>
    <filter-name>Engines Filter</filter-name>
    <url-pattern>/camunda/app/*</url-pattern>
    <!--  dispatcher>REQUEST</dispatcher -->
  </filter-mapping>
  
  <filter-mapping>
    <filter-name>CacheControlFilter</filter-name>
    <url-pattern>/camunda/api/*</url-pattern>
  </filter-mapping>
  
	<!-- END CAMUNDA -->		
  
  	<filter-mapping>
		<filter-name>springSecurityFilterChain</filter-name>
		<url-pattern>/*</url-pattern>
	</filter-mapping>
	
	<!-- BEGIN CAMUNDA -->		

  <servlet-mapping>
    <servlet-name>Cockpit Api</servlet-name>
    <url-pattern>/camunda/api/cockpit/*</url-pattern>
  </servlet-mapping>

  <servlet-mapping>
    <servlet-name>Admin Api</servlet-name>
    <url-pattern>/camunda/api/admin/*</url-pattern>
  </servlet-mapping>

  <servlet-mapping>
    <servlet-name>Tasklist Api</servlet-name>
    <url-pattern>/camunda/api/tasklist/*</url-pattern>
  </servlet-mapping>

  <servlet-mapping>
    <servlet-name>Engine Api</servlet-name>
    <url-pattern>/camunda/api/engine/*</url-pattern>
  </servlet-mapping>

 <servlet-mapping>
    <servlet-name>Engine Rest</servlet-name>
    <url-pattern>/engine-rest/*</url-pattern>
  </servlet-mapping>

	<!-- END CAMUNDA -->		
  
	<!-- BEGIN jsp -->
  <servlet-mapping>
    <servlet-name>jsp</servlet-name>
    <url-pattern>*.jsp</url-pattern>
    <url-pattern>*.jspf</url-pattern>
    <url-pattern>*.jspx</url-pattern>
    <url-pattern>*.xsp</url-pattern>
    <url-pattern>*.JSP</url-pattern>
    <url-pattern>*.JSPF</url-pattern>
    <url-pattern>*.JSPX</url-pattern>
    <url-pattern>*.XSP</url-pattern>
  </servlet-mapping> 
 	<!-- END jsp -->
  
	<!-- BEGIN jsf -->
	<servlet-mapping>
		<servlet-name>Faces Servlet</servlet-name>
		<url-pattern>/faces/*</url-pattern>
		<url-pattern>*.jsf</url-pattern>
		<url-pattern>*.faces</url-pattern>
		<url-pattern>*.xhtml</url-pattern>
	</servlet-mapping>
	<!-- END jsf -->
	  
	<servlet-mapping>
		<servlet-name>ManagementServlet</servlet-name>
		<url-pattern>/mgmt</url-pattern>
	</servlet-mapping>
	
	<servlet-mapping>
			<servlet-name>RestletServlet</servlet-name>
			<url-pattern>/restservices/*</url-pattern>
	</servlet-mapping>

 	<servlet-mapping>
		<servlet-name>CamelServlet</servlet-name>
		<url-pattern>/services/*</url-pattern>
	</servlet-mapping>
	
	<servlet-mapping>
		<!-- the default servlet (<url-pattern>/</url-pattern>) is DefaultServlet, not DispatcherServlet -->
		<!-- the following servlet mappings can be configured to change this -->
		<servlet-name>spring</servlet-name>
		<url-pattern>/spring-mvc-web-if-any/*</url-pattern>
	</servlet-mapping>

	<!-- BEGIN static content -->
	<servlet-mapping>
		<servlet-name>default</servlet-name>
		<url-pattern>/</url-pattern>
		<!-- if this should not be the default servlet, then these url-patterns are required -->
		<!-- url-pattern>/camunda/*</url-pattern -->
		<!-- url-pattern>/docs/*</url-pattern -->
		<!-- url-pattern>/images/*</url-pattern -->
	</servlet-mapping>
	<!-- END static content -->

</web-app>