<?xml version="1.0" encoding="ISO-8859-1"?>
<web-app xmlns="http://java.sun.com/xml/ns/javaee" xmlns:xsi="http://www.w3.org/2001/XMLSchema-instance"
	xsi:schemaLocation="http://java.sun.com/xml/ns/javaee http://java.sun.com/xml/ns/javaee/web-app_3_0.xsd"
	metadata-complete="false" version="3.0">

	<context-param>
		<param-name>contextConfigLocation</param-name>
		<param-value>/WEB-INF/spring-servlet.xml,
					classpath:applicationContext.xml
		</param-value>
  	</context-param>
  	
  	<context-param>
        <param-name>spring.profiles.default</param-name>
        <param-value>nooauth</param-value>
    </context-param>
    
	<listener>
		<listener-class>org.springframework.web.context.ContextLoaderListener</listener-class>
	</listener>

	<!-- BEGIN cdi -->
	<listener>
		<listener-class>org.jboss.weld.environment.servlet.Listener</listener-class>
	</listener>
	<!-- END cdi -->
	
	<!-- BEGIN jsf -->
	<listener>
		<listener-class>com.sun.faces.config.ConfigureListener</listener-class>
	</listener>
 	<!-- END jsf -->
	
	<!-- BEGIN CAMUNDA -->

  <!-- cockpit bootstrap listener -->
  <listener>
    <listener-class>org.camunda.bpm.cockpit.impl.web.bootstrap.CockpitContainerBootstrap</listener-class>
  </listener>

  <!-- admin bootstrap listener -->
  <listener>
    <listener-class>org.camunda.bpm.admin.impl.web.bootstrap.AdminContainerBootstrap</listener-class>
  </listener>

  <!-- tasklist bootstrap listener -->
  <listener>
    <listener-class>org.camunda.bpm.tasklist.impl.web.bootstrap.TasklistContainerBootstrap</listener-class>
  </listener>	
  
    <filter>
		<filter-name>AttCadiSecurity</filter-name>
		<filter-class>ajsc.external.plugins.cadi.AjscCadiFilter</filter-class>
		<init-param>
            <param-name>cadi_prop_files</param-name>
            <!-- param-name was changed from prop_files to cadi_prop_files in 1.1.1,
            so please use "cadi_prop_files" for param-name moving forward -->
            <!-- old value <param-name>prop_files</param-name> -->
            <!-- Please, note: configuration files were located under the conf/ directory
            for 4.4.0 and lower versions of the ajsc. Beginning with the 4.5.1 Release
            version of the ajsc, these configuration files have ALL been moved to the
            etc/ directory to better utilize some SWM packaging functionality. -->
            <param-value>target/swm/package/nix/dist_files/opt/app/workload/wireline-eg-cntr/etc/cadi.properties</param-value>
            <!-- <param-value>target/swm/package/nix/dist_files/appl/SERVICE_PROJECT_ARTIFACT_ID/etc/</param-value>-->
            <!-- <param-value>target/swm/package/nix/dist_files/appl/SERVICE_PROJECT_ARTIFACT_ID/etc/cadi.properties
            </param-value> if you're running locally -->
        </init-param>	
	</filter>
	
  <!-- Authentication filter -->
  <filter>
    <filter-name>Authentication Filter</filter-name>
    <!-- <filter-class>com.att.oce.bpm.util.AttCamundaAuthenticationFilter</filter-class> -->
    <filter-class>org.camunda.bpm.webapp.impl.security.auth.AuthenticationFilter</filter-class>
  </filter>

  <!-- Security filter -->
  <filter>
    <filter-name>SecurityFilter</filter-name>
    <filter-class>org.camunda.bpm.webapp.impl.security.filter.SecurityFilter</filter-class>
    <init-param>
      <param-name>configFile</param-name>
      <param-value>/WEB-INF/securityFilterRules.json</param-value>  
    </init-param>
  </filter>

  <!-- engines filter -->
  <filter>
    <filter-name>Engines Filter</filter-name>
    <!-- filter-class>org.camunda.bpm.webapp.impl.engine.ProcessEnginesFilter</filter-class -->
    <filter-class>com.att.ajsc.camunda.ProcessEnginesFilter</filter-class>
  </filter>

  <!-- REST cache control filter -->
  <filter>
    <filter-name>CacheControlFilter</filter-name>
    <filter-class>org.camunda.bpm.engine.rest.filter.CacheControlFilter</filter-class>    
  </filter>
  
	<!-- END CAMUNDA -->
	
	<servlet>
		<servlet-name>ManagementServlet</servlet-name>
		<servlet-class>ajsc.ManagementServlet</servlet-class>
	</servlet>

	<filter>
        <filter-name>WriteableRequestFilter</filter-name>
        <filter-class>com.att.ajsc.csi.writeablerequestfilter.WriteableRequestFilter</filter-class>
    </filter>
    
  	<filter> 
		<filter-name>InterceptorFilter</filter-name>
		<filter-class>ajsc.filters.InterceptorFilter</filter-class>
		<init-param>
                <param-name>preProcessor_interceptor_config_file</param-name>
                <param-value>/etc/PreProcessorInterceptors.properties</param-value>
        </init-param>
        <init-param>
                <param-name>postProcessor_interceptor_config_file</param-name>
                <param-value>/etc/PostProcessorInterceptors.properties</param-value>
        </init-param>
        
	</filter>
	
	 <servlet>
		<servlet-name>RestletServlet</servlet-name>
		<servlet-class>ajsc.restlet.RestletSpringServlet</servlet-class>
		<init-param>
				<param-name>org.restlet.component</param-name>
				<param-value>restletComponent</param-value>
		</init-param>
	</servlet>
	
	<servlet>
		<servlet-name>CamelServlet</servlet-name>
		<servlet-class>ajsc.servlet.AjscCamelServlet</servlet-class>
	</servlet>


	<filter>
		<filter-name>springSecurityFilterChain</filter-name>
		<filter-class>org.springframework.web.filter.DelegatingFilterProxy</filter-class>
	</filter>

	<servlet>
		<!-- the default servlet (<url-pattern>/</url-pattern>) is DefaultServlet, not DispatcherServlet -->
		<!-- see the mappings at the bottom of ajsc-override-web.xml  -->
		<servlet-name>spring</servlet-name>
		<servlet-class>org.springframework.web.servlet.DispatcherServlet</servlet-class>
		<load-on-startup>1</load-on-startup>
	</servlet>	
	
	<!-- BEGIN CAMUNDA -->
    
  <!-- cockpit rest api -->
  <servlet>
    <servlet-name>Cockpit Api</servlet-name>
    <servlet-class>org.jboss.resteasy.plugins.server.servlet.HttpServletDispatcher</servlet-class>
    <init-param>
      <param-name>javax.ws.rs.Application</param-name>
      <param-value>org.camunda.bpm.cockpit.impl.web.CockpitApplication</param-value>
    </init-param>
    <init-param>
      <param-name>resteasy.servlet.mapping.prefix</param-name>
      <param-value>/camunda/api/cockpit</param-value>
    </init-param>
  </servlet>

  <!-- admin rest api -->
  <servlet>
    <servlet-name>Admin Api</servlet-name>
    <servlet-class>org.jboss.resteasy.plugins.server.servlet.HttpServletDispatcher</servlet-class>
    <init-param>
      <param-name>javax.ws.rs.Application</param-name>
      <param-value>org.camunda.bpm.admin.impl.web.AdminApplication</param-value>
    </init-param>
    <init-param>
      <param-name>resteasy.servlet.mapping.prefix</param-name>
      <param-value>/camunda/api/admin</param-value>
    </init-param>
  </servlet>

  <!-- tasklist rest api -->
  <servlet>
    <servlet-name>Tasklist Api</servlet-name>
    <servlet-class>org.jboss.resteasy.plugins.server.servlet.HttpServletDispatcher</servlet-class>
    <init-param>
      <param-name>javax.ws.rs.Application</param-name>
      <param-value>org.camunda.bpm.tasklist.impl.web.TasklistApplication</param-value>
    </init-param>
    <init-param>
      <param-name>resteasy.servlet.mapping.prefix</param-name>
      <param-value>/camunda/api/tasklist</param-value>
    </init-param>
  </servlet>

  <!-- engine rest api (embedded) -->
  <servlet>
    <servlet-name>Engine Api</servlet-name>
    <servlet-class>org.jboss.resteasy.plugins.server.servlet.HttpServletDispatcher</servlet-class>
    <init-param>
      <param-name>javax.ws.rs.Application</param-name>
      <param-value>org.camunda.bpm.webapp.impl.engine.EngineRestApplication</param-value>
    </init-param>
    <init-param>
      <param-name>resteasy.servlet.mapping.prefix</param-name>
      <param-value>/camunda/api/engine</param-value>
    </init-param>
  </servlet>
  
  <servlet>
    <servlet-name>Engine Rest</servlet-name>
    <servlet-class>org.jboss.resteasy.plugins.server.servlet.HttpServletDispatcher</servlet-class>
    <init-param>
      <param-name>javax.ws.rs.Application</param-name>
      <param-value>org.camunda.bpm.webapp.impl.engine.EngineRestApplication</param-value>
    </init-param>
    <init-param>
      <param-name>resteasy.servlet.mapping.prefix</param-name>
      <param-value>/engine-rest</param-value>
    </init-param>
  </servlet>
	<!-- END CAMUNDA -->

	<!-- BEGIN jsp -->
  <servlet id="jsp">
    <servlet-name>jsp</servlet-name>
    <servlet-class>org.apache.jasper.servlet.JspServlet</servlet-class>
  </servlet>
	<!-- END jsp -->
	
	<!-- BEGIN jsf -->
	<context-param>
		<param-name>com.sun.faces.forceLoadConfiguration</param-name>
		<param-value>true</param-value>
	</context-param>
 	<servlet>
		<servlet-name>Faces Servlet</servlet-name>
		<servlet-class>javax.faces.webapp.FacesServlet</servlet-class>
	</servlet>
	<!-- END jsf -->
	
	<!-- BEGIN cdi -->
	<resource-env-ref>
		<description>Object factory for the CDI Bean Manager</description>
		<resource-env-ref-name>BeanManager</resource-env-ref-name>
		<resource-env-ref-type>javax.enterprise.inject.spi.BeanManager</resource-env-ref-type>
	</resource-env-ref>	
	<!-- END cdi -->
	  
	<!-- BEGIN static content -->
	<servlet>
 	   <servlet-name>default</servlet-name>
	    <servlet-class>org.eclipse.jetty.servlet.DefaultServlet</servlet-class>
	    <init-param>
	        <param-name>dirAllowed</param-name>
	        <param-value>true</param-value>
	    </init-param>
	</servlet>
	<!-- END static content --> 	
	
</web-app>
