<beans xmlns="http://www.springframework.org/schema/beans"
      xmlns:xsi="http://www.w3.org/2001/XMLSchema-instance"
      xmlns:jaxws="http://cxf.apache.org/jaxws"      
      xmlns:cxf="http://camel.apache.org/schema/cxf"
      xmlns:camel="http://camel.apache.org/schema/spring" 	
	  xmlns:context="http://www.springframework.org/schema/context"	
      xsi:schemaLocation="http://cxf.apache.org/jaxws http://cxf.apache.org/schemas/jaxws.xsd
         http://www.springframework.org/schema/beans http://www.springframework.org/schema/beans/spring-beans-2.5.xsd
         http://camel.apache.org/schema/spring http://camel.apache.org/schema/spring/camel-spring.xsd
         http://www.springframework.org/schema/context http://www.springframework.org/schema/context/spring-context.xsd
         http://camel.apache.org/schema/cxf http://camel.apache.org/schema/cxf/camel-cxf.xsd
         http://cxf.apache.org/transports/camel http://cxf.apache.org/transports/camel.xsd
		 http://camel.apache.org/schema/cxf http://camel.apache.org/schema/cxf/cxfEndpoint.xsd"> 
 
  <import resource="classpath:META-INF/cxf/cxf.xml"/>  
  <import resource="classpath:META-INF/cxf/cxf-servlet.xml"/>        
     
      <cxf:cxfEndpoint id="notifySoapMsgEndpoint"
                 serviceClass="com.att.oce.fallout.notificationsvc.NotifyProvider"
                 address="/NotifyTaskUpdateServiceV2"
                 wsdlURL="classpath:wsdl/NotifyTaskUpdateServiceV1.0.wsdl"               
                 serviceName="s:NotifyTaskUpdateServiceV1.0"                 
                 xmlns:s="http://oce.att.com/OCE/Namespaces/wsdl/NotifyTaskUpdateServiceV1.0.wsdl"/>                
            
       <camel:camelContext id="camelCtx" xmlns="http://camel.apache.org/schema/spring">       
      		<route>
				<from uri="cxf:bean:notifySoapMsgEndpoint"/>
		 		<to uri="bean:notifySvc?method=completeATGTask"/>
		    </route>
	   </camel:camelContext>
	   
	   <bean id="notifySvc" class="com.att.oce.fallout.notificationsvc.NotifyService"/>            
</beans>