<beans xmlns="http://www.springframework.org/schema/beans"
	xmlns:xsi="http://www.w3.org/2001/XMLSchema-instance" xmlns:camel="http://camel.apache.org/schema/spring"
	xsi:schemaLocation="http://www.springframework.org/schema/beans http://www.springframework.org/schema/beans/spring-beans-2.5.xsd
                           http://camel.apache.org/schema/spring http://camel.apache.org/schema/spring/camel-spring.xsd">
	<!-- <dataFormats> <xmljson id="xmljson"/> </dataFormats> -->
	<camel:camelContext id="camelContext"
		xmlns="http://camel.apache.org/schema/spring" streamCache="true">
		<propertyPlaceholder id="properties" location="file:/opt/app/workload/unlock-prop/urn-mappings.properties"/>

		<!-- <propertyPlaceholder id="properties"
			location="file:\C:\src\main\java\urn-mappings.properties" /> -->
		<!-- <camel:propertyPlaceholder id="csiEnvProperties" location="classpath:csi_env.properties" 
			/> -->
			
			

		<route id="create-atg-route">
			<from uri="direct:createatg" />
			<!-- <log message="Outbound Order payload ##### ${body[createOrderRequest]}" 
				loggingLevel="INFO" logName="com.att.oce.invokeCreateOrder" /> -->

			<setHeader headerName="CamelHttpMethod">
				<constant>POST</constant>
			</setHeader>
			<setHeader headerName="CamelHttpPath">
				<simple>/oce/api/orders</simple>
			</setHeader>
			<setHeader headerName="Accept">
				<constant>application/json;charset=UTF-8</constant>
			</setHeader>
			<setHeader headerName="X-ConversationId">
				<constant>${body[order][RequestId]}</constant>
			</setHeader>
			<setHeader headerName="SchemaVersion">
				<constant>V3</constant>
			</setHeader>
			<setHeader headerName="Content-Type">
				<constant>application/json;charset=UTF-8</constant>
			</setHeader>
			<camel:setProperty propertyName="interfaceName">
				<camel:simple>atg_createOrder</camel:simple>
			</camel:setProperty>
			<camel:setProperty propertyName="operationName">
				<camel:simple>POST</camel:simple>
			</camel:setProperty>
			<camel:setProperty propertyName="serviceName">
				<camel:simple>ATG</camel:simple>
			</camel:setProperty>
			<setBody>
				<simple>${body[createOrderRequest]}</simple>
			</setBody>
			<!-- <camel:setProperty propertyName="DestinationSystem">
				<camel:simple>ATG</camel:simple>
			</camel:setProperty>
			<camel:setProperty propertyName="ServiceNameAuditLog">
				<camel:simple>CreateOrder</camel:simple>
			</camel:setProperty> -->
			<!-- <setHeader headerName="type"><simple>request</simple></setHeader>
			<wireTap uri="direct:AuditLog" /> -->
			<to uri="{{atg.base.url}}?throwExceptionOnFailure=false" />
			<to uri="bean:handleAtgResponse?method=execute" />
			<!-- <wireTap uri="direct:AuditLog" />
			<setHeader headerName="type"><simple>response</simple></setHeader> -->
			<camel:onException>
				<camel:exception>java.lang.Exception</camel:exception>
				<to uri="bean:handleAtgResponse?method=execute" />
			</camel:onException>
		</route>

		<route id="inquireorder-atg-route">
			<from uri="direct://inquireOrder" />
			<setHeader headerName="CamelHttpMethod">
				<constant>GET</constant>
			</setHeader>
			<setHeader headerName="CamelHttpPath">
				<simple>/oce/api/orders?${body[paramString]}</simple>
			</setHeader>
			<!-- <log message="Outbound CSI payload ##### ${body[paramString]}" loggingLevel="INFO" 
				logName="com.att.oce.invokeInquireOrder" /> -->
			<setHeader headerName="Accept">
				<constant>application/json;charset=UTF-8</constant>
			</setHeader>
			<!-- <setHeader headerName="CamelCxfRsQueryMap"> <camel:simple>${body[queryMap]}</camel:simple> 
				</setHeader> -->
			<camel:setBody>
				<camel:simple>""</camel:simple>
			</camel:setBody>
			<to uri="{{atg.base.url}}" />
			<camel:convertBodyTo type="java.lang.String" />
			<camel:convertBodyTo type="java.util.LinkedHashMap" />
			<!-- <log message="Outbound ATG response ##### ${body}" loggingLevel="INFO" 
				logName="com.att.oce.invokeInquireOrder" /> -->
		</route>
		<!-- This is route for brms SOAP call for fraud validation -->
		<route id="brms-route">
			<from uri="direct:brms" />
			<setBody>
				<simple>${body[fraudRequest]}</simple>
			</setBody>
			<!-- <log message="${body}" /> -->
			<camel:setProperty propertyName="interfaceName">
				<camel:simple>brms</camel:simple>
			</camel:setProperty>
			<to uri="cxf://{{brms.base.url}}/BRMSServices/brmsService?wsdlURL={{brms.base.url}}/BRMSServices/brmsService?wsdl&amp;serviceName={http://services.brms.oce.att.com/}RuleServiceImplService&amp;portName={http://services.brms.oce.att.com/}RuleServiceImplPort&amp;dataFormat=MESSAGE" />
			<to uri="bean:handleCassandraResponse?method=execute" />
			
			<camel:onException>
				<camel:exception>java.lang.Exception</camel:exception>
				<to uri="bean:handleCassandraResponse?method=execute" />
			</camel:onException>
		</route>

		<!-- Get Make and model from imei -->
		<route id="getMakeModel-route">
			<from uri="direct:getMakeModel" />
			<setHeader headerName="CamelHttpMethod">
				<constant>GET</constant>
			</setHeader>
			<setHeader headerName="CamelHttpPath">
				<simple>/IMEIBlacklistService/api/imeis/${body[unlockContext][requestedIMEI]}</simple>
			</setHeader>
			<setHeader headerName="Content-Type">
				<constant>application/json;charset=UTF-8</constant>
			</setHeader>
			<setHeader headerName="Accept">
				<constant>application/json;charset=UTF-8</constant>
			</setHeader>
			<setBody>
				<simple>""</simple>
			</setBody>
			<!-- <marshal ref="myJaxb"/> -->
			<to uri="{{cassandra.base.url}}" />
			<to uri="bean:handleCassandraResponse?method=execute" />
			<camel:onException>
				<camel:exception>java.lang.Exception</camel:exception>
				<to uri="bean:handleCassandraResponse?method=execute" />
			</camel:onException>
			<!-- <camel:convertBodyTo type="java.lang.String" /> -->
		</route>

		<!-- Get Unlock Instruction -->
		<route id="getUnlockInstruction-route">
			<from uri="direct:getUnlockInstruction" />
			<setHeader headerName="CamelHttpMethod">
				<constant>GET</constant>
			</setHeader>
			<setHeader headerName="CamelHttpPath">
				<simple>/IMEIBlacklistService/api/instruction/makeModelSearch?${body[unlockContext][paramString]}
				</simple>
			</setHeader>
			<setHeader headerName="Content-Type">
				<constant>application/json;charset=UTF-8</constant>
			</setHeader>
			<setHeader headerName="Accept">
				<constant>application/json;charset=UTF-8</constant>
			</setHeader>
			<setBody>
				<simple>""</simple>
			</setBody>
			<!-- <marshal ref="myJaxb"/> -->
			<to uri="{{cassandra.base.url}}" />
			<to uri="bean:handleCassandraResponse?method=execute" />
			<camel:onException>
				<camel:exception>java.lang.Exception</camel:exception>
				<to uri="bean:handleCassandraResponse?method=execute" />
			</camel:onException>
		</route>

		<!--IDUE CSI Response Handling -->
		<route id="csi-idue-route" errorHandlerRef="csiRetryErrorHandler">
			<from uri="direct:csi:idue" />
			<setHeader headerName="CamelHttpMethod">
				<constant>POST</constant>
			</setHeader>
			<setHeader headerName="CamelHttpPath">
				<simple>/Services/com/cingular/csi/ccrr/InquireDeviceUnlockEligibility.jws
				</simple>
			</setHeader>
			<setHeader headerName="Content-Type">
				<constant>text/xml</constant>
			</setHeader>
			<setBody>
				<simple>${body[idueRequest]}</simple>
			</setBody>
			<camel:setProperty propertyName="operationName">
				<camel:simple>IDUE</camel:simple>
			</camel:setProperty>
			<camel:setProperty propertyName="serviceName">
				<camel:simple>InquireDeviceUnlockEligibility</camel:simple>
			</camel:setProperty>
			
			<camel:setProperty propertyName="interfaceName">
				<camel:simple>idue</camel:simple>
			</camel:setProperty>
		<!-- 	<setHeader headerName="type"><simple>request</simple></setHeader>
			<wireTap uri="direct:AuditLog" /> -->
			
			<camel:to uri="{{csi.base.url}}?throwExceptionOnFailure=false" />
			<camel:to uri="bean:handleResponse?method=execute" />
		<!-- 	<wireTap uri="direct:AuditLog" />
			<setHeader headerName="type"><simple>response</simple></setHeader> -->
			<camel:choice>
				<camel:when>
					<camel:simple>${exchangeProperty.isFaultResponse} == 'true'
					</camel:simple>
					<camel:to
						uri="log:org.apache.camel.spring.processor.idempotent?level=INFO&amp;showAll=true&amp;multiline=true" />
					<camel:throwException ref="bpmnError" />
				</camel:when>
			</camel:choice>
		</route>

		<!-- InquireDeviceStatus call -->
		<route id="csi-ids-route" errorHandlerRef="csiRetryErrorHandler">
			<from uri="direct:csi:ids" />
			<setHeader headerName="CamelHttpMethod">
				<constant>POST</constant>
			</setHeader>
			<setHeader headerName="CamelHttpPath">
				<simple>/Services/com/cingular/csi/grid/InquireDeviceStatus.jws
				</simple>
			</setHeader>
			<setHeader headerName="Content-Type">
				<constant>text/xml</constant>
			</setHeader>
			<setBody>
				<simple>${body[idsRequest]}</simple>
			</setBody>
			
			<camel:setProperty propertyName="interfaceName">
				<camel:simple>ids</camel:simple>
			</camel:setProperty>
			<camel:setProperty propertyName="operationName">
				<camel:simple>IDS</camel:simple>
			</camel:setProperty>
			<camel:setProperty propertyName="serviceName">
				<camel:simple>InquireDeviceStatus</camel:simple>
			</camel:setProperty>
			<!-- <setHeader headerName="type"><simple>request</simple></setHeader>
			<wireTap uri="direct:AuditLog" /> -->
			<to uri="{{csi.base.url}}?throwExceptionOnFailure=false" />
			<to uri="bean:handleResponse?method=execute" />
			<!-- <wireTap uri="direct:AuditLog" />
			<setHeader headerName="type"><simple>response</simple></setHeader> -->
			<camel:choice>
				<camel:when>
					<camel:simple>${exchangeProperty.isFaultResponse} == 'true'
					</camel:simple>
					<camel:to
						uri="log:org.apache.camel.spring.processor.idempotent?level=INFO&amp;showAll=true&amp;multiline=true" />
					<camel:throwException ref="bpmnError" />
				</camel:when>
			</camel:choice>
		</route>

		<route id="getorder-atg-route">
			<from uri="direct://getOrderDetails" />
			<setHeader headerName="CamelHttpMethod">
				<constant>GET</constant>
			</setHeader>
			<setHeader headerName="CamelHttpPath">
				<simple>/oce/api/orders/${body[OCEOrderNumber]}</simple>
			</setHeader>
			<!-- <camel:log message="Outbound CSI payload ##### ${body[OCEOrderNumber]}" 
				loggingLevel="INFO" logName="com.att.oce.invokeInquireOrder" /> -->
			<setHeader headerName="Accept">
				<constant>application/json;charset=UTF-8</constant>
			</setHeader>
			<setBody>
				<simple>""</simple>
			</setBody>

			<to uri="{{atg.base.url}}" />
			<to uri="bean:orderTransformer?method=transform" />
			<!-- <camel:log message="Outbound ATG response ##### ${body}" loggingLevel="INFO" 
				logName="com.att.oce.invokeInquireOrder" /> -->
		</route>

		<route id="addNote-csi-route" errorHandlerRef="csiRetryErrorHandler">
			<from uri="direct://addNote" />

			<!-- <camel:log message="Outbound Order payload ##### ${body[addNoteRequest]}" 
				loggingLevel="INFO" logName="com.att.oce.invokeCreateOrder" /> -->
			<setHeader headerName="CamelHttpMethod">
				<constant>POST</constant>
			</setHeader>
			<setHeader headerName="CamelHttpPath">
				<simple>/Services/com/cingular/csi/cam/AddNote.jws
				</simple>
			</setHeader>
			<setHeader headerName="Content-Type">
				<constant>text/xml</constant>
			</setHeader>
			<setBody>
				<simple>${body[addNoteRequest]}</simple>
			</setBody>
			<setProperty propertyName="interfaceName">
				<simple>AddNote</simple>
			</setProperty>
			<camel:setProperty propertyName="operationName">
				<camel:simple>AddNote</camel:simple>
			</camel:setProperty>
			<camel:setProperty propertyName="serviceName">
				<camel:simple>AddNote</camel:simple>
			</camel:setProperty>
		<!-- 	<setHeader headerName="type"><simple>request</simple></setHeader>
			<wireTap uri="direct:AuditLog" /> -->
			<to uri="{{csi.base.url.addnote}}?throwExceptionOnFailure=false" />
			<to uri="bean:handleResponse?method=execute" />
		<!-- 	<wireTap uri="direct:AuditLog" />
			<setHeader headerName="type"><simple>response</simple></setHeader> -->
			<camel:choice>
				<camel:when>
					<camel:simple>${exchangeProperty.isFaultResponse} == 'true'
					</camel:simple>
					<camel:to
						uri="log:org.apache.camel.spring.processor.idempotent?level=INFO&amp;showAll=true&amp;multiline=true" />
					<camel:throwException ref="bpmnError" />
				</camel:when>
			</camel:choice>
		</route>

		<!-- ProcessDeviceUnlock CSI API -->
		<route id="csi-pdu-route" errorHandlerRef="csiRetryErrorHandler">
			<from uri="direct:csi:pdu" />

			<setHeader headerName="CamelHttpMethod">
				<constant>POST</constant>
			</setHeader>
			<setHeader headerName="CamelHttpPath">
				<simple>/Services/com/cingular/csi/snooper/ProcessDeviceUnlock.jws
				</simple>
			</setHeader>
			<setHeader headerName="Content-Type">
				<constant>text/xml</constant>
			</setHeader>
				<setProperty propertyName="operationName">
				<simple>ProcessDeviceUnlock</simple>
			</setProperty>
			<setProperty propertyName="serviceName">
				<simple>ProcessDeviceUnlock</simple>
			</setProperty>
			<setBody>
				<simple>${body[pduRequest]}</simple>
			</setBody>
			
			<camel:setProperty propertyName="interfaceName">
				<camel:simple>pdu</camel:simple>
			</camel:setProperty>
			<!-- <setHeader headerName="type"><simple>request</simple></setHeader>
			<wireTap uri="direct:AuditLog" /> -->
			<to uri="{{csi.base.url}}?throwExceptionOnFailure=false" />
			<camel:to uri="bean:handleResponse?method=execute" />
		<!-- 	<wireTap uri="direct:AuditLog" />
			<setHeader headerName="type"><simple>response</simple></setHeader> -->
			<camel:choice>
				<camel:when>
					<camel:simple>${exchangeProperty.isFaultResponse} == 'true'
					</camel:simple>
					<camel:to
						uri="log:org.apache.camel.spring.processor.idempotent?level=INFO&amp;showAll=true&amp;multiline=true" />
					<camel:throwException ref="bpmnError" />
				</camel:when>
			</camel:choice>
		</route>

		<!-- current customer validation -->
		<route id="unmask-atg-route">
			<from uri="direct:atg:unmask" />

			<setHeader headerName="CamelHttpMethod">
				<constant>GET</constant>
			</setHeader>
			<setHeader headerName="CamelHttpPath">
				<simple>/oce/api/orders/${body[order][OCEOrderNumber]}/unmask?${body[unlockContext][unmaskingParam]}
				</simple>
			</setHeader>
			<!-- <log message="Outbound ATG unmask payload ##### ${body[order][OCEOrderNumber]}" 
				loggingLevel="INFO" logName="com.att.oce.invokeunmask" /> -->
			<setHeader headerName="Accept">
				<constant>application/json;charset=UTF-8</constant>
			</setHeader>
			<setHeader headerName="Content-Type">
				<constant>application/json;charset=UTF-8</constant>
			</setHeader>

			<camel:setBody>
				<camel:simple>""</camel:simple>
			</camel:setBody>
			<to uri="{{atg.base.url}}" />
			<!-- <to uri="bean:orderTransformer?method=transform" /> -->
			<convertBodyTo type="java.lang.String" />
			<!-- <log message="Outbound ATG response ##### ${body}" loggingLevel="INFO" 
				logName="com.att.oce.invokeunmask" /> -->
		</route>

		<route id="csi-iap-bysub-route" errorHandlerRef="csiRetryErrorHandler">
			<from uri="direct:csi:iap:bysub" />

			<setHeader headerName="CamelHttpMethod">
				<constant>POST</constant>
			</setHeader>
			<setHeader headerName="CamelHttpPath">
				<simple>/Services/com/cingular/csi/cam/InquireAccountProfile.jws
				</simple>
			</setHeader>
			<setHeader headerName="Content-Type">
				<constant>text/xml</constant>
			</setHeader>
			<setHeader headerName="Accept">
				<constant>text/xml;charset=UTF-8</constant>
			</setHeader>
				<setProperty propertyName="operationName">
				<simple>InquireAccountProfile</simple>
			</setProperty>
			<setProperty propertyName="serviceName">
				<simple>InquireAccountProfile</simple>
			</setProperty>
			<setBody>
				<simple>${body[iapRequest]}</simple>
			</setBody>
			
			<camel:setProperty propertyName="interfaceName">
				<camel:simple>iap</camel:simple>
			</camel:setProperty>
			<!-- <setHeader headerName="type"><simple>request</simple></setHeader>
			<wireTap uri="direct:AuditLog" /> -->
			<convertBodyTo type="java.lang.String" />
			<to uri="{{csi.base.url}}?throwExceptionOnFailure=false" />
			<camel:to uri="bean:handleResponse?method=execute" />
			<!-- <wireTap uri="direct:AuditLog" />
			<setHeader headerName="type"><simple>response</simple></setHeader> -->
			<camel:choice>
				<camel:when>
					<camel:simple>${exchangeProperty.isFaultResponse} == 'true'
					</camel:simple>
					<camel:to
						uri="log:org.apache.camel.spring.processor.idempotent?level=INFO&amp;showAll=true&amp;multiline=true" />
					<camel:throwException ref="bpmnError" />
				</camel:when>
			</camel:choice>
		</route>

		<!-- Create task API route -->
		<route id="create-task-atg-route">
			<from uri="direct:createtaskatg" />

			<!-- <log message="Outbound Order payload ##### ${body[createTaskRequest]}"
				loggingLevel="INFO" logName="com.att.oce.invokeCreateTaskOrder" /> -->
			<setHeader headerName="CamelHttpMethod">
				<constant>POST</constant>
			</setHeader>
			<setHeader headerName="CamelHttpPath">
				<simple>/oce/api/orders</simple>
			</setHeader>
			<setHeader headerName="Accept">
				<constant>application/json;charset=UTF-8</constant>
			</setHeader>
			<setHeader headerName="X-ConversationId">
				<constant>${body[order][RequestId]}</constant>
			</setHeader>
			<setHeader headerName="SchemaVersion">
				<constant>V3</constant>
			</setHeader>
			<setHeader headerName="ATGSEQUENCENUMBER">
				<constant>1</constant>
			</setHeader>
			<setHeader headerName="Content-Type">
				<constant>application/json;charset=UTF-8</constant>
			</setHeader>
			<setProperty propertyName="operationName">
				<simple>POST</simple>
			</setProperty>
			<setProperty propertyName="serviceName">
				<simple>ATG</simple>
			</setProperty>
			<setBody>
				<simple>${body[createTaskRequest]}</simple>
			</setBody>
			
			<camel:setProperty propertyName="interfaceName">
				<camel:simple>atg_createTask</camel:simple>
			</camel:setProperty>
			<!-- <setHeader headerName="type"><simple>request</simple></setHeader>
			<wireTap uri="direct:AuditLog" /> -->
			<to uri="{{atg.base.url}}?throwExceptionOnFailure=false" />
			<to uri="bean:handleAtgResponse?method=execute" />
		<!-- 	<wireTap uri="direct:AuditLog" />
			<setHeader headerName="type"><simple>response</simple></setHeader> -->
			<camel:onException>
				<camel:exception>java.lang.Exception</camel:exception>
				<to uri="bean:handleAtgResponse?method=execute" />
			</camel:onException>
			<!-- <camel:choice> <camel:when> <camel:simple>${exchangeProperty.isFaultResponse} 
				== 'true'</camel:simple> <camel:to uri="log:org.apache.camel.spring.processor.idempotent?level=INFO&amp;showAll=true&amp;multiline=true" 
				/> <camel:throwException ref="bpmnError" /> </camel:when> </camel:choice> -->
		</route>

		<!-- Update order ATG API -->
		<route id="update-atg-route">
			<from uri="direct:updateatg" />
			<!-- <log message="Outbound Order payload ##### ${body[updateOrderRequest]}" 
				loggingLevel="INFO" logName="com.att.oce.invokeUpdateOrder" /> -->
			<setHeader headerName="CamelHttpMethod">
				<constant>POST</constant>
			</setHeader>
			<setHeader headerName="CamelHttpPath">
				<simple>/oce/api/orders</simple>
			</setHeader>
			<setHeader headerName="Accept">
				<constant>application/json;charset=UTF-8</constant>
			</setHeader>
			<setHeader headerName="X-ConversationId">
				<constant>${body[order][RequestId]}</constant>
			</setHeader>
			<setHeader headerName="SchemaVersion">
				<constant>V3</constant>
			</setHeader>
			<setHeader headerName="Content-Type">
				<constant>application/json;charset=UTF-8</constant>
			</setHeader>
			<setProperty propertyName="operationName">
				<simple>POST</simple>
			</setProperty>
			<setProperty propertyName="serviceName">
				<simple>ATG</simple>
			</setProperty>
			<setBody>
				<simple>${body[updateOrderRequest]}</simple>
			</setBody>
			<!-- <setHeader headerName="type"><simple>request</simple></setHeader>
		<wireTap uri="direct:AuditLog" /> -->
			<to uri="{{atg.base.url}}" />
			<convertBodyTo type="java.lang.String" />
			<!-- <wireTap uri="direct:AuditLog" />
			<setHeader headerName="type"><simple>response</simple></setHeader> -->
			<!-- <camel:convertBodyTo type="java.util.LinkedHashMap" /> -->
			<!-- <log message="Outbound ATG Update response ##### ${body}" loggingLevel="INFO" 
				logName="com.att.oce.invokeUpdateOrder" /> -->
		</route>

		<!-- InquireDeviceDetails CSI API -->
		<route id="csi-idd-route" errorHandlerRef="csiRetryErrorHandler">
			<from uri="direct:csi:idd" />
			<setHeader headerName="CamelHttpMethod">
				<constant>POST</constant>
			</setHeader>
			<setHeader headerName="CamelHttpPath">
				<simple>/Services/com/cingular/csi/dlc/InquireDeviceDetails.jws
				</simple>
			</setHeader>
			<setHeader headerName="Content-Type">
				<constant>text/xml</constant>
			</setHeader>
			<setBody>
				<simple>${body[iddRequest]}</simple>
			</setBody>
			<setProperty propertyName="operationName">
				<simple>IDD</simple>
			</setProperty>
			<setProperty propertyName="serviceName">
				<simple>InquireDeviceDetails</simple>
			</setProperty>
		
			<camel:setProperty propertyName="interfaceName">
				<camel:simple>idd</camel:simple>
			</camel:setProperty>
			<!-- <setHeader headerName="type"><simple>request</simple></setHeader>
				<wireTap uri="direct:AuditLog" /> -->
			<to uri="{{csi.base.url}}?throwExceptionOnFailure=false" />
			<camel:to uri="bean:handleResponse?method=execute" />
			<!-- <wireTap uri="direct:AuditLog" />
			<setHeader headerName="type"><simple>response</simple></setHeader> -->
			<camel:choice>
				<camel:when>
					<camel:simple>${exchangeProperty.isFaultResponse} == 'true'
					</camel:simple>
					<camel:to
						uri="log:org.apache.camel.spring.processor.idempotent?level=INFO&amp;showAll=true&amp;multiline=true" />
					<camel:throwException ref="bpmnError" />
				</camel:when>
			</camel:choice>
		</route>

		<!-- ISH -->
		<route id="csi-ish-route" errorHandlerRef="csiRetryErrorHandler">
			<from uri="direct:csi:ish" />
			<setHeader headerName="CamelHttpMethod">
				<constant>POST</constant>
			</setHeader>
			<setHeader headerName="CamelHttpPath">
				<simple>/Services/com/cingular/csi/tlgapi/InquireSubscriberHistory.jws</simple>
			</setHeader>
			<setHeader headerName="Content-Type">
				<constant>text/xml</constant>
			</setHeader>
			<setBody>
				<simple>${body[ishRequest]}</simple>
			</setBody>
			
			<camel:setProperty propertyName="interfaceName">
				<camel:simple>ish</camel:simple>
			</camel:setProperty>
			<setProperty propertyName="operationName">
				<simple>ISH</simple>
			</setProperty>
			<setProperty propertyName="serviceName">
				<simple>InquireSubscriberHistory</simple>
			</setProperty>
			<!-- <setHeader headerName="type"><simple>request</simple></setHeader>
			<wireTap uri="direct:AuditLog" /> -->
			<to uri="{{csi.base.url}}?throwExceptionOnFailure=false" />
			<camel:to uri="bean:handleResponse?method=execute" />
			<!-- <wireTap uri="direct:AuditLog" />
			<setHeader headerName="type"><simple>response</simple></setHeader> -->
			<camel:choice>
				<camel:when>
					<camel:simple>${exchangeProperty.isFaultResponse} == 'true'
					</camel:simple>
					<camel:to
						uri="log:org.apache.camel.spring.processor.idempotent?level=INFO&amp;showAll=true&amp;multiline=true" />
					<camel:throwException ref="bpmnError" />
				</camel:when>
			</camel:choice>
		</route>
		
		<!--New Iap request route -->
		<route id="fuse-route">
			<from uri="direct:maskPasscode" />
			<!-- <log message="Outbound Order payload ##### ${body[createOrderRequest]}" 
				loggingLevel="INFO" logName="com.att.oce.invokeCreateOrder" /> -->

			<setHeader headerName="CamelHttpMethod">
				<constant>POST</constant>
			</setHeader>
			<setHeader headerName="CamelHttpPath">
				<simple>/oce/cxf/voltage/encrypt</simple>
			</setHeader>
			<setHeader headerName="Accept">
				<constant>application/json</constant>
			</setHeader>
			<setHeader headerName="Content-Type">
				<constant>application/json;charset=UTF-8</constant>
			</setHeader>
			<setBody>
				<simple>${body[maskPasscodereq]}</simple>
			</setBody>
		
		<!-- 	<wireTap uri="direct:AuditLog" /> -->
			<to uri="{{fuse.voltage.base.url}}?throwExceptionOnFailure=false" />
			<convertBodyTo type="java.lang.String" />
		</route>
		
		
		
		
		
		
<!--  Audit Log route -->
	<!-- <route id="routeAuditLog">
		<from uri="direct:AuditLog" />
		<inOnly uri="bean:auditLogProcessor" />
	</route> -->
	</camel:camelContext>

	<bean id="bpmnError" class="org.camunda.bpm.engine.delegate.BpmnError">
		<constructor-arg index="0" value="300" />
	</bean>

	<bean id="csiRetryErrorHandler" class="org.apache.camel.builder.DeadLetterChannelBuilder">
		<property name="deadLetterUri" value="activemq:queue:DUMMY" />
		<property name="redeliveryPolicy" ref="defaultRedeliveryPolicy" />
	</bean>

	<bean id="defaultRedeliveryPolicy"
		class="com.att.ajsc.bpm_consumer_unlock.util.UnlockRedeliveryPolicy">
		<property name="maximumRedeliveries" value="1" />
		<property name="allowRedeliveryWhileStopping" value="false" />
		<property name="retryAttemptedLogLevel" value="INFO" />
	</bean>

	<bean id="camel"
		class="com.att.consumer.mobility.services.CamelRouteConsumerImpl">
		<property name="processEngine" ref="processEngine" />
		<property name="camelContext" ref="camelContext" />
	</bean>

	<bean id="vtlHelp" class="com.att.oce.bpm.common.VelocityHelper" />
	<bean id="unlockUtils" class="com.att.ajsc.bpm_consumer_unlock.util.UnlockUtils" />
	<!-- 
		
<bean id="auditLogProcessor" name="auditLogProcessor" 
			class="com.att.oce.unlock.service.auditLog.AuditLogProcessor"> 
			
			<property name="brokerURL" value="${auditlog.amq.brokerurl}" /> 
			<property name="mqUsername" value="${auditlog.amq.username}" /> 
			<property name="mqPassword" value="${auditlog.amq.password}" /> 
			<property name="dbURL" value="${auditlog.db.url}" /> 
			<property name="dbUsername" value="${auditlog.db.username}" /> 
			<property name="dbPassword" value="${auditlog.db.password}" /> 
			<property name="queueName" value="${auditlog.layer.name}" />
			<property name="encCodeKey" value="${auditlog.encodeKey}" /> 
		</bean> -->
</beans>