<beans xmlns="http://www.springframework.org/schema/beans"
	xmlns:xsi="http://www.w3.org/2001/XMLSchema-instance"
	xmlns:context="http://www.springframework.org/schema/context"
	xsi:schemaLocation="
	       http://www.springframework.org/schema/beans
	       http://www.springframework.org/schema/beans/spring-beans.xsd
	       http://www.springframework.org/schema/context
           http://www.springframework.org/schema/context/spring-context.xsd">

	<!-- ActiveMQ Beans -->
<context:property-placeholder   location="file:/opt/app/workload/unlock-prop/urn-mappings.properties"/>
<!-- <context:property-placeholder   location="file:\C:\src\main\java\urn-mappings.properties"/> -->


	<bean id="jmsConnectionFactory" class="org.apache.activemq.ActiveMQConnectionFactory">
		<property name="brokerURL" value="${ACTIVEMQ_BROKER_URL}" />
		 <property name="userName" value="${ACTIVEMQ_USERNAME}"/>
            <property name="password" value="${ACTIVEMQ_PASSWORD}"/>
	</bean>

	<bean id="pooledConnectionFactory" class="org.apache.activemq.pool.PooledConnectionFactory"
		init-method="start" destroy-method="stop">
		<property name="maxConnections" value="${ACTIVEMQ_MAX_CONNECTION}" />
		<property name="connectionFactory" ref="jmsConnectionFactory" />
	</bean>

	<bean id="jmsConfig" class="org.apache.camel.component.jms.JmsConfiguration">
		<property name="connectionFactory" ref="pooledConnectionFactory" />
		<property name="concurrentConsumers" value="${ACTIVEMQ_CONCURRENT_CONSUMER_COUNT}" />
		 <property name="cacheLevelName" value="${ACTIVEMQ_CACHE_LEVEL_NAME}" />
		  <property name="acknowledgementMode" value="${ACTIVEMQ_ACK_MODE}" />
	</bean>

	<bean id="activemq" class="org.apache.activemq.camel.component.ActiveMQComponent">
		<property name="configuration" ref="jmsConfig" />

		<!-- if we are using transacted then enable CACHE_CONSUMER (if not using 
			XA) to run faster see more details at: http://camel.apache.org/jms <property 
			name="transacted" value="true"/> <property name="cacheLevelName" value="CACHE_CONSUMER" 
			/> -->
	</bean>

	<!-- <bean id="testActiveMQ" class="com.test.ShowActiveMQMessage" /> -->

	<!-- ActiveMQ Beans End -->
</beans>		
