<beans xmlns="http://www.springframework.org/schema/beans"
	xmlns:xsi="http://www.w3.org/2001/XMLSchema-instance" xmlns:context="http://www.springframework.org/schema/context"
	xsi:schemaLocation="
	       http://www.springframework.org/schema/beans
	       http://www.springframework.org/schema/beans/spring-beans.xsd
	       http://www.springframework.org/schema/context
           http://www.springframework.org/schema/context/spring-context.xsd">

	<context:property-placeholder location="file:/opt/app/workload/unlock-prop/urn-mappings.properties"/>
	<!--  <context:property-placeholder location="file:\C:\src\main\java\urn-mappings.properties"/>  -->
		
	<!-- engine begin -->


	<bean id="applicationContextBean" class="com.att.ajsc.camunda.core.ApplicationContextBean" />


	<!--<bean id="eDataSource" class="org.springframework.jdbc.datasource.TransactionAwareDataSourceProxy"> 
		<property name="targetDataSource"> <bean class="org.springframework.jdbc.datasource.SimpleDriverDataSource"> 
		<property name="driverClass" value="${CAMUNDA_ENGINE_DB_DRIVER_CLASS}" /> 
		<property name="url" value="${CAMUNDA_ENGINE_DB_URL}" /> <property name="username" 
		value="${CAMUNDA_ENGINE_DB_USERNAME}" /> <property name="password" value="${CAMUNDA_ENGINE_DB_PASSWORD}" 
		/> </bean> </property> </bean> -->

	<bean id="eDataSource" class="org.apache.commons.dbcp.BasicDataSource">

		<property name="driverClassName" value="${CAMUNDA_ENGINE_DB_DRIVER_CLASS}" />
		<property name="url" value="${CAMUNDA_ENGINE_DB_URL}" />
		<property name="username" value="${CAMUNDA_ENGINE_DB_USERNAME}" />
		<property name="password" value="${CAMUNDA_ENGINE_DB_PASSWORD}" />
		<property name="initialSize" value="${CAMUNDA_ENGINE_DB_INIT_CON_SIZE}" />
		<property name="maxActive" value="${CAMUNDA_ENGINE_DB_MAX_ACT_CON_SIZE}" />
		<property name="maxIdle" value="${CAMUNDA_ENGINE_DB_MAX_IDL_CON_SIZE}" />
		<property name="maxWait" value="${CAMUNDA_ENGINE_DB_MAX_WAIT}" />
	</bean>

	<bean id="transactionManager"
		class="org.springframework.jdbc.datasource.DataSourceTransactionManager">
		<property name="dataSource" ref="eDataSource" />
	</bean>

	<bean id="processEngineConfiguration"
		class="org.camunda.bpm.engine.spring.SpringProcessEngineConfiguration">
		<property name="processEngineName" value="default" />
		<property name="dataSource" ref="eDataSource" />
		<property name="transactionManager" ref="transactionManager" />
		<property name="databaseSchemaUpdate" value="true" />
		<property name="jobExecutorActivate" value="true" />
		<property name="history" value="full" />
		<!-- <property name="historyEventHandler" ref="camundaHistoryEventHandler" /> -->
		<property name="identityService" ref="attCamundaIdentityService" />
		<property name="defaultSerializationFormat" value="application/json" />
		<!-- property name="deploymentResources" value="classpath*:*.bpmn" / -->
		<!-- BEGIN webapp -->
		<property name="authorizationEnabled" value="true" />
		<property name="failedJobCommandFactory">
			<bean
				class="org.camunda.bpm.engine.impl.jobexecutor.FoxFailedJobCommandFactory" />
		</property>
		<property name="idGenerator">
			<bean class="org.camunda.bpm.engine.impl.persistence.StrongUuidGenerator" />
		</property>
		<property name="jobExecutor" ref="performanceJobExecutor" />
		<property name="processEnginePlugins">
			<list>
				<!--<ref bean="ldapIdentityProviderPlugin" /> -->
				<!--<ref bean="administratorAuthorizationPlugin" /> -->
				<bean id="spinPlugin" class="org.camunda.spin.plugin.impl.SpinProcessEnginePlugin" />
				<bean id="connectPlugin"
					class="org.camunda.connect.plugin.impl.ConnectProcessEnginePlugin" />
				<bean id="eventListnerPlugin"
					class="org.camunda.bpm.application.impl.event.ProcessApplicationEventListenerPlugin" />
			</list>
		</property>
		<!-- END webapp -->
	</bean>

	<bean id="performanceJobExecutor"
		class="org.camunda.bpm.engine.spring.components.jobexecutor.SpringJobExecutor">
		<property name="maxJobsPerAcquisition" value="${CAMUNDA_ENGINE_MAX_JOB_ACQ_SIZE}" />
		<property name="waitTimeInMillis" value="9000" />
		<property name="lockTimeInMillis" value="500000" />
		<property name="taskExecutor">
			<bean
				class="org.springframework.scheduling.concurrent.ThreadPoolTaskExecutor">
				<property name="corePoolSize" value="${CAMUNDA_ENGINE_CORE_THREADPOOL_SIZE}" />

			</bean>
		</property>
	</bean>

	<bean id="camundaHistoryEventHandler"
		class="com.att.ajsc.bpm_consumer_unlock.util.CamundaHistoryEventHandler" />

	<!-- bean id="processEngine" class="org.camunda.bpm.engine.spring.ProcessEngineFactoryBean" -->
	<bean id="processEngine"
		class="org.camunda.bpm.engine.spring.container.ManagedProcessEngineFactoryBean">
		<property name="processEngineConfiguration" ref="processEngineConfiguration" />
	</bean>

	<bean id="repositoryService" factory-bean="processEngine"
		factory-method="getRepositoryService" />
	<bean id="runtimeService" factory-bean="processEngine"
		factory-method="getRuntimeService" />
	<bean id="taskService" factory-bean="processEngine"
		factory-method="getTaskService" />
	<bean id="historyService" factory-bean="processEngine"
		factory-method="getHistoryService" />
	<bean id="managementService" factory-bean="processEngine"
		factory-method="getManagementService" />

	<bean id="ajscProcessApplication" class="com.att.ajsc.camunda.core.AjscServletProcessApplication"
		depends-on="processEngine">
		<property name="servletContext" value="#{applicationContextBean.servletContext}" />
	</bean>

	<bean id="attCamundaIdentityService"
		class="com.att.ajsc.bpm_consumer_unlock.util.AttCamundaIdentityServiceImpl">
		<property name="processEngineName" value="default" />
	</bean>


	<!-- <bean id="auditLogProcessor" name="auditLogProcessor"
		class="com.att.ajsc.unlock.auditlog.AuditLogProcessor">
		D5
		<property name="audit_brokerURL" value="${audit.mqbrokerURL}" />
		<property name="mqUsername" value="${audt.mqUsername}" />
		<property name="mqPassword" value="${audit.mqPassword}" />
		<property name="dbURL" value="${audit.jdbc.dburl}" />
		<property name="dbUsername" value="${audit.jdbc.username}" />
		<property name="dbPassword" value="${audit.jdbc.password}" />
		<property name="queueName" value="${audit.mqQueueName}" />
	</bean> -->
	<!-- engine end -->

	<context:annotation-config />

</beans>		
