<?xml version="1.0" encoding="UTF-8"?>
<beans xmlns="http://www.springframework.org/schema/beans"
	xmlns:xsi="http://www.w3.org/2001/XMLSchema-instance"
	xsi:schemaLocation="http://www.springframework.org/schema/beans http://www.springframework.org/schema/beans/spring-beans.xsd">

	<bean
		class="org.springframework.context.annotation.CommonAnnotationBeanPostProcessor" />
		
	<bean id="ServicePropertiesListener" class="com.att.ajsc.bpm_consumer_unlock.filemonitor.ServicePropertiesListener" />
	
	<bean id="ServicePropertiesMap" class="com.att.ajsc.bpm_consumer_unlock.filemonitor.ServicePropertiesMap" />

	<bean id="ServicePropertyService" class="com.att.ajsc.bpm_consumer_unlock.filemonitor.ServicePropertyService">
		<property name="loadOnStartup" value="false" />
		<property name="fileChangedListener" ref="ServicePropertiesListener" />
		<property name="filePropertiesMap" ref="ServicePropertiesMap" />
		<property name="ssfFileMonitorPollingInterval" value="15" />
		<property name="ssfFileMonitorThreadpoolSize" value="10" />
	</bean>
</beans>
