<beans xmlns="http://www.springframework.org/schema/beans"
	xmlns:xsi="http://www.w3.org/2001/XMLSchema-instance"
	xsi:schemaLocation="
	       http://www.springframework.org/schema/beans
	       http://www.springframework.org/schema/beans/spring-beans.xsd">
	<bean id="defaultDispatchService" class="com.att.consumer.mobility.services.DispatchService" />
	<bean id="notifyPostFallout" class="com.att.consumer.mobility.services.NotifyPostFalloutService" />
	<bean id="orderTransformer" class="com.att.ajsc.camel.custom.typeconverters.GetOrderResponseTransformer" />
	<!-- <bean id="exceptionHandler" class="com.att.consumer.mobility.services.FaultResponseHandler" /> -->
	<bean id="stringBufferTransformer" class="com.att.consumer.mobility.services.StringBufferTransformer" />
	<bean id="handleResponse" class="com.att.consumer.mobility.services.HandleCsiResponse" />
	<bean id="handleAtgResponse" class="com.att.consumer.mobility.services.AtgCamelResponseConsumer" />
	<bean id="handleCassandraResponse" class="com.att.consumer.mobility.services.CassandraCamelResponseConsumer" />
</beans>		
