<?xml version="1.0" encoding="UTF-8" standalone="yes"?>
<ajscConfig>
    <elementNameChanges>
        <entry>
            <key>oceOrderNumber</key>
            <value>OCEOrderNumber</value>
        </entry>
        <entry>
            <key>preAuthReleasedIndicator</key>
            <value>IsPreAuthReleased</value>
        </entry>
        <entry>
            <key>asSuccessFlag</key>
            <value>ASSuccessFlag</value>
        </entry>
        <entry>
            <key>submittedDate</key>
            <value>SubmitedDate</value>
        </entry>
        <entry>
            <key>productGroups</key>
            <value>Groups</value>
        </entry>
        <entry>
            <key>schedulingDetails</key>
            <value>SchedulingInfos</value>
        </entry>
        <entry>
            <key>schedulingDetail</key>
            <value>SchedulingInfo</value>
        </entry>
        <entry>
            <key>shippingDetails</key>
            <value>ShippingInfos</value>
        </entry>
        <entry>
            <key>shippingDetail</key>
            <value>ShippingInfo</value>
        </entry>
        <entry>
            <key>conflictingServiceDetails</key>
            <value>ConflictingServiceInfos</value>
        </entry>
        <entry>
            <key>e911Detail</key>
            <value>E911Info</value>
        </entry>
        <entry>
            <key>partialOrderIndicator</key>
            <value>IsPartialOrder</value>
        </entry>
        <entry>
            <key>resubmitOrderIndicator</key>
            <value>IsResubmitOrder</value>
        </entry>
        <entry>
            <key>agentUId</key>
            <value>AgentUID</value>
        </entry>
        <entry>
            <key>referralEmployeeUId</key>
            <value>ReferralEmpUID</value>
        </entry>
        <entry>
            <key>approverNameReferences</key>
            <value>ApproverNameRefs</value>
        </entry>
        <entry>
            <key>approverNameReference</key>
            <value>ApproverNameRef</value>
        </entry>
        <entry>
            <key>expressCheckOutIndicator</key>
            <value>IsExpressCheckOut</value>
        </entry>
        <entry>
            <key>geoAreaSingleDispatchAvailableIndicator</key>
            <value>IsGeoAreaSingleDispatchAvailable</value>
        </entry>
        <entry>
            <key>satelliteTVOnlySingleDispatchEligibleIndicator</key>
            <value>IsSatelliteTVOnlySingleDispatchEligible</value>
        </entry>
        <entry>
            <key>singleDispatchEligibleIndicator</key>
            <value>IsSingleDispatchEligible</value>
        </entry>
        <entry>
            <key>encryptedIndicator</key>
            <value>IsEncrypted</value>
        </entry>
        <entry>
            <key>bulkIndicator</key>
            <value>IsBulk</value>
        </entry>
        <entry>
            <key>passThroughIndicator</key>
            <value>IsPassThrough</value>
        </entry>
        <entry>
            <key>commonOrderIndicator</key>
            <value>IsCommonOrder</value>
        </entry>
        <entry>
            <key>summaryCreatedIndicator</key>
            <value>IsSummaryCreated</value>
        </entry>
        <entry>
            <key>dueAmountRecalculatedIndicator</key>
            <value>IsDueAmountRecalculated</value>
        </entry>
        <entry>
            <key>moveDetail</key>
            <value>MoveInfo</value>
        </entry>
        <entry>
            <key>shippingDetailIdReference</key>
            <value>ShippingInfoIdRef</value>
        </entry>
        <entry>
            <key>order/shippingDetails/shippingDetail/sequence</key>
            <value>ShippingInfoSequence</value>
        </entry>
        <entry>
            <key>nameReference</key>
            <value>NameRef</value>
        </entry>
        <entry>
            <key>addressReference</key>
            <value>AddressRef</value>
        </entry>
        <entry>
            <key>order/paymentOptions/paymentOption/sequence</key>
            <value>PaymentSequence</value>
        </entry>
        <entry>
            <key>creditCardHolderName</key>
            <value>creditCardHolderName</value>
        </entry>
        <entry>
            <key>capmConfig</key>
            <value>CAPMConfig</value>
        </entry>
        <entry>
            <key>selectedOptionId</key>
            <value>SelectedOptionID</value>
        </entry>
        <entry>
            <key>merchantId</key>
            <value>MerchantID</value>
        </entry>
        <entry>
            <key>numberOfInstallment</key>
            <value>NoOfInstallment</value>
        </entry>
        <entry>
            <key>paymentOptionReference</key>
            <value>PaymentOptionRef</value>
        </entry>
        <entry>
            <key>paymentMethodReference</key>
            <value>PaymentMethodRef</value>
        </entry>
        <entry>
            <key>savedProfileIndicator</key>
            <value>IsSavedProfile</value>
        </entry>
        <entry>
            <key>parkedIndicator</key>
            <value>IsParked</value>
        </entry>
        <entry>
            <key>giftCardIndicator</key>
            <value>IsGiftCard</value>
        </entry>
        <entry>
            <key>priceDetail</key>
            <value>PriceInfo</value>
        </entry>
        <entry>
            <key>taxDetail</key>
            <value>TaxInfo</value>
        </entry>
        <entry>
            <key>orderTaxAreaId</key>
            <value>OrderTaxAreaID</value>
        </entry>
        <entry>
            <key>shipFromTaxAreaId</key>
            <value>ShipFromTaxAreaID</value>
        </entry>
        <entry>
            <key>shipToTaxAreaId</key>
            <value>ShipToTaxAreaID</value>
        </entry>
        <entry>
            <key>exemptionId</key>
            <value>ExemptionID</value>
        </entry>
        <entry>
            <key>taxLineId</key>
            <value>TaxLineID</value>
        </entry>
        <entry>
            <key>order/accounts/account/sequence</key>
            <value>AccountSequenceNumber</value>
        </entry>
        <entry>
            <key>accountReference</key>
            <value>AccountRef</value>
        </entry>
        <entry>
            <key>billingDetail</key>
            <value>BillingInfo</value>
        </entry>
        <entry>
            <key>serviceLocationReference</key>
            <value>ServiceLocationRef</value>
        </entry>
        <entry>
            <key>b2bReference</key>
            <value>B2BRef</value>
        </entry>
        <entry>
            <key>fullyAuthenticatedIndicator</key>
            <value>IsFullyAuthenticated</value>
        </entry>
        <entry>
            <key>fromServiceAddressReference</key>
            <value>FromServiceAddressRef</value>
        </entry>
        <entry>
            <key>fromBillingAddressReference</key>
            <value>FromBillingAddressRef</value>
        </entry>
        <entry>
            <key>systemOrderReference</key>
            <value>SystemOrderRef</value>
        </entry>
        <entry>
            <key>systemOrderReferenceType</key>
            <value>SystemOrderRefType</value>
        </entry>
        <entry>
            <key>customerId</key>
            <value>CustomerID</value>
        </entry>
        <entry>
            <key>unifiedAccountReference</key>
            <value>UnifiedAccountRef</value>
        </entry>
        <entry>
            <key>upgradeFeeWaivedIndicator</key>
            <value>IsUpgradeFeeWaived</value>
        </entry>
        <entry>
            <key>previousAddressReference</key>
            <value>PreviousAddressRef</value>
        </entry>
        <entry>
            <key>order/uDLs/uDL/sequence</key>
            <value>SequenceNumber</value>
        </entry>
        <entry>
            <key>installmentPlanId</key>
            <value>InstallmentPlanID</value>
        </entry>
        <entry>
            <key>order/promotions/promotion/sequence</key>
            <value>DisplaySequence</value>
        </entry>
        <entry>
            <key>complexDiscountIndicator</key>
            <value>IsComplexDiscount</value>
        </entry>
        <entry>
            <key>employerDetail</key>
            <value>EmployerInfo</value>
        </entry>
        <entry>
            <key>employerPhoneNumber</key>
            <value>EmployerPhoneNum</value>
        </entry>
        <entry>
            <key>creditCheckManagementTransactionId</key>
            <value>CCMTransactionID</value>
        </entry>
        <entry>
            <key>expressPayDetailHeld</key>
            <value>ExpressPayInfoHeld</value>
        </entry>
        <entry>
            <key>conflictingServiceDetailReferences</key>
            <value>ConflictingServiceInfoRefs</value>
        </entry>
        <entry>
            <key>conflictingServiceDetailReference</key>
            <value>ConflictingServiceInfoRef</value>
        </entry>
        <entry>
            <key>conflictingServiceDetails</key>
            <value>ConflictingServiceInfos</value>
        </entry>
        <entry>
            <key>conflictingServiceDetail</key>
            <value>ConflictingServiceInfo</value>
        </entry>		
	
        <entry>
            <key>defaultPacketDataProtocolIndicator</key>
            <value>IsDefaultPDP</value>
        </entry>		
        <entry>
            <key>enterpriseId</key>
            <value>EnterpriseID</value>
        </entry>		
        <entry>
            <key>shippedHotIndicator</key>
            <value>IsShippedHot</value>
        </entry>		
        <entry>
            <key>usoc</key>
            <value>Usoc</value>
        </entry>		
        <entry>
            <key>zodiacSequenceNumber</key>
            <value>ZodSequenceNo</value>
        </entry>		
        <entry>
            <key>schedulingDetailReference</key>
            <value>SchedulingInfoRef</value>
        </entry>		
        <entry>
            <key>landlordDetail</key>
            <value>LandlordInfo</value>
        </entry>		
        <entry>
            <key>eventCodeEnteredManuallyIndicator</key>
            <value>IsEventCodeEnteredManually</value>
        </entry>		
        <entry>
            <key>realTimeCalendarIndicator</key>
            <value>IsRealTimeCalendar</value>
        </entry>		
        <entry>
            <key>portNumberDetail</key>
            <value>PortNumberInfo</value>
        </entry>		
        <entry>
            <key>orderLevelIndicator</key>
            <value>IsOrderLevel</value>
        </entry>		
        <entry>
            <key>structureNumber</key>
            <value>StructureNum</value>
        </entry>		
        <entry>
            <key>levelNumber</key>
            <value>LevelNum</value>
        </entry>		
        <entry>
            <key>apartmentUnitNumber</key>
            <value>ApartmentUnitNum</value>
        </entry>		
        <entry>
            <key>siteAddressId</key>
            <value>SiteAddrId</value>
        </entry>		
        <entry>
            <key>browserId</key>
            <value>BrowserID</value>
        </entry>		
        <entry>
            <key>selectedOptionId</key>
            <value>SelectedOptionID</value>
        </entry>		
        <entry>
            <key>repId</key>
            <value>RepID</value>
        </entry>		
        <entry>
            <key>groupReferencesCode</key>
            <value>GroupReferenceCode</value>
        </entry>		
        <entry>
            <key>primarySharedPlanIndicator</key>
            <value>IsPrimarySharedPlan</value>
        </entry>		
        <entry>
            <key>shippedHotIndicator</key>
            <value>IsShippedHot</value>
        </entry>		
        <entry>
            <key>crossUpgradeIndicator</key>
            <value>IsCrossUpgrade</value>
        </entry>		
        <entry>
            <key>upgradeDetail</key>
            <value>UpgradeInfo</value>
        </entry>		
        <entry>
            <key>storeId</key>
            <value>StoreID</value>
        </entry>		
        <entry>
            <key>dealerId</key>
            <value>DealerID</value>
        </entry>		
        <entry>
            <key>e911DetailReference</key>
            <value>E911InfoRef</value>
        </entry>		
        <entry>
            <key>newSalesChannelId</key>
            <value>NewSalesChannelID</value>
        </entry>		
        <entry>
            <key>tradeInDetail</key>
            <value>TradeInInfo</value>
        </entry>		
        <entry>
            <key>promotionReferences</key>
            <value>PromotionRefs</value>
        </entry>		
        <entry>
            <key>promotionReference</key>
            <value>PromotionRef</value>
        </entry>	
        <entry>
            <key>order/productGroups/group/characteristics</key>
            <value>GroupCharacteristics</value>
        </entry>		
        <entry>
            <key>groupReferences</key>
            <value>GroupRefs</value>
        </entry>		
        <entry>
            <key>groupReference</key>
            <value>GroupRef</value>
        </entry>		
        <entry>
            <key>installmentPlanId</key>
            <value>InstallmentPlanID</value>
        </entry>		
        <entry>
            <key>order/productGroups/group/characteristics/losgCharacteristics/sequence</key>
            <value>LoSGSequenceNumber</value>
        </entry>		
        <entry>
            <key>primaryIndicator</key>
            <value>IsPrimary</value>
        </entry>		
        <entry>
            <key>serviceQualificationReference</key>
            <value>ServiceQualificationRef</value>
        </entry>		
        <entry>
            <key>subscriberNameReference</key>
            <value>SubscriberNameRef</value>
        </entry>		
        <entry>
            <key>numberPortDetail</key>
            <value>NumberPortInfo</value>
        </entry>		
        <entry>
            <key>shippingDetailReference</key>
            <value>ShippingInfoRef</value>
        </entry>		
        <entry>
            <key>order/lineItems/lineItem/sequence</key>
            <value>LineItemSequence</value>
        </entry>		
        <entry>
            <key>productSKU</key>
            <value>ProductSku</value>
        </entry>		
        <entry>
            <key>locationId</key>
            <value>LocationID</value>
        </entry>		
        <entry>
            <key>supplyChainDetail</key>
            <value>SupplyChainInfo</value>
        </entry>		
        <entry>
            <key>lineItemTaxes</key>
            <value>LineItemTax</value>
        </entry>		
        <entry>
            <key>tcreferences</key>
            <value>TCRefs</value>
        </entry>		
        <entry>
            <key>ssn</key>
            <value>SSN</value>
        </entry>		
        <entry>
            <key>e911ServiceRoutingNumber</key>
            <value>ESRN</value>
        </entry>		
        <entry>
            <key>localExchangeRoutingGuideLocalRoutingNumber</key>
            <value>LERGLRN</value>
        </entry>		
        <entry>
            <key>lightspeedLocalRoutingNumber</key>
            <value>LSLRN</value>
        </entry>		
        <entry>
            <key>ospAccountNumber</key>
            <value>OSPAccountNumber</value>
        </entry>		
        <entry>
            <key>voipLOSCharacteristics</key>
            <value>VOIPLOSChars</value>
        </entry>		
        <entry>
            <key>iptvLOSCharacteristics</key>
            <value>IPTVLOSChars</value>
        </entry>		
        <entry>
            <key>userDefinedLabels</key>
            <value>UDLs</value>
        </entry>		
        <entry>
            <key>userDefinedLabel</key>
            <value>UDL</value>
        </entry>		
        <entry>
            <key>socForPreviousDevice</key>
            <value>SOCForPreviousDevice</value>
        </entry>		
        <entry>
            <key>msrp</key>
            <value>MSRP</value>
        </entry>		
        <entry>
            <key>voipLineItemCharacteristics</key>
            <value>VOIPLineItemChars</value>
        </entry>		
        <entry>
            <key>uverseMessaging</key>
            <value>UVerseMessaging</value>
        </entry>		
        <entry>
            <key>iptvLineItemCharacteristics</key>
            <value>IPTVLineItemChars</value>
        </entry>		
        <entry>
            <key>nciEligibleIndicator</key>
            <value>isNCIEligible</value>
        </entry>		
        <entry>
            <key>packetDataProtocolType</key>
            <value>PDPType</value>
        </entry>		
        <entry>
            <key>ipversionType</key>
            <value>IPVersionType</value>
        </entry>		
        <entry>
            <key>ipv6Address</key>
            <value>IPv6Address</value>
        </entry>		
        <entry>
            <key>ipAddress</key>
            <value>IPAddress</value>
        </entry>		
        <entry>
            <key>attDynamicTrafficManager</key>
            <value>ADTM</value>
        </entry>		
        <entry>
            <key>cardSerialNumber</key>
            <value>CSN</value>
        </entry>		
        <entry>
            <key>iccId</key>
            <value>ICCID</value>
        </entry>		
        <entry>
            <key>primaryContactPhones</key>
            <value>PrimaryContactPhone</value>
        </entry>		
        <entry>
            <key>additionalContactPhones</key>
            <value>AdditionalContactPhone</value>
        </entry>		
        <entry>
            <key>dob</key>
            <value>DOB</value>
        </entry>		
        <entry>
            <key>ssnRefusedIndicator</key>
            <value>SSNRefusedIndicator</value>
        </entry>		
        <entry>
            <key>addressLines</key>
            <value>AddressLine</value>
        </entry>		
        <entry>
            <key>electronicIdNumber</key>
            <value>EIDNumber</value>
        </entry>		
        <entry>
            <key>electronicIdVerifierRequired</key>
            <value>EIDVerifierRequired</value>
        </entry>		
        <entry>
            <key>electronicIdVerifierLaunched</key>
            <value>EIDVerifierLaunched</value>
        </entry>		
        <entry>
            <key>electronicIdVerifierResults</key>
            <value>EIDVerifierResults</value>
        </entry>		
        <entry>
            <key>customerApprovalSystemTransactionId</key>
            <value>CASTransactionId</value>
        </entry>		
        <entry>
            <key>debtAccounts</key>
            <value>DebtAccount</value>
        </entry>		
        <entry>
            <key>finalBillAccounts</key>
            <value>FinalBillAccount</value>
        </entry>		
        <entry>
            <key>electronicLetterOfAuthorization</key>
            <value>ELOA</value>
        </entry>		
        <entry>
            <key>ebillReason</key>
            <value>EBillReason</value>
        </entry>		
        <entry>
            <key>accountsReceivable</key>
            <value>AR</value>
        </entry>		
        <entry>
            <key>accountsReceivableIndicator</key>
            <value>ARIndicator</value>
        </entry>		
        <entry>
            <key>purchaseOrderNumber</key>
            <value>PONumber</value>
        </entry>		
        <entry>
            <key>btn</key>
            <value>BTN</value>
        </entry>		
        <entry>
            <key>tn</key>
            <value>TN</value>
        </entry>		
        <entry>
            <key>btm</key>
            <value>BTM</value>
        </entry>		
        <entry>
            <key>ach</key>
            <value>ACH</value>
        </entry>		
        <entry>
            <key>capm</key>
            <value>CAPM</value>
        </entry>		
        <entry>
            <key>addressVerificationSystemCode</key>
            <value>AVScode</value>
        </entry>		
        <entry>
            <key>capmlast4Digits</key>
            <value>CAPMLast4Digits</value>
        </entry>		
        <entry>
            <key>lpmReferenceNumber</key>
            <value>LPMReferenceNumber</value>
        </entry>		
        <entry>
            <key>lpmPaymentType</key>
            <value>LPMPaymentType</value>
        </entry>		
        <entry>
            <key>lpmPaymentTypeName</key>
            <value>LPMPaymentTypeName</value>
        </entry>		
        <entry>
            <key>lpmLast4Digits</key>
            <value>LPMLast4Digits</value>
        </entry>		
        <entry>
            <key>componentConfigurations</key>
            <value>ComponentConfiguration</value>
        </entry>		
        <entry>
            <key>connecTechInstallationOptions</key>
            <value>ConnectechInstallationOption</value>
        </entry>		
        <entry>
            <key>validations</key>
            <value>Validation</value>
        </entry>		
        <entry>
            <key>potsAvailableIndicator</key>
            <value>IsPOTSAvailable</value>
        </entry>		
        <entry>
            <key>dslAvailableIndicator</key>
            <value>IsDSLAvailable</value>
        </entry>		
        <entry>
            <key>productDetails</key>
            <value>ProductDetail</value>
        </entry>		
        <entry>
            <key>dslmemberDetail</key>
            <value>DSLMemberInfo</value>
        </entry>		
        <entry>
            <key>termsAndCondition911</key>
            <value>TC911</value>
        </entry>		
        <entry>
            <key>referralEmployeeUId</key>
            <value>ReferralEmpUId</value>
        </entry>		
        <entry>
            <key>termsAndConditions</key>
            <value>TCs</value>
        </entry>		
        <entry>
            <key>premierResourceCenterTicketNumber</key>
            <value>PRCTicketNumber</value>
        </entry>		
        <entry>
            <key>falloutDescription</key>
            <value>FalloutDesc</value>
        </entry>		
        <entry>
            <key>packetDataProtocol</key>
            <value>PDP</value>
        </entry>		
        <entry>
            <key>usoc</key>
            <value>USOC</value>
        </entry>		
        <entry>
            <key>orderDocumentDetail</key>
            <value>OrderDocumentInfo</value>
        </entry>		
        <entry>
            <key>currentServiceProviderId</key>
            <value>CurrentSPID</value>
        </entry>		
	
        <entry>
            <key>termsAndConditionAccepted</key>
            <value>TCAccepted</value>
        </entry>		
        <entry>
            <key>termsAndConditionReferences</key>
            <value>TCRefs</value>
        </entry>		
        <entry>
            <key>termsAndConditionReference</key>
            <value>TCRef</value>
        </entry>		
        <entry>
            <key>upgradeQualificationDetails</key>
            <value>UpgradeQualificationInfo</value>
        </entry>		
        <entry>
            <key>operationNames</key>
            <value>OperationName</value>
        </entry>		
        <entry>
            <key>usoc</key>
            <value>Usoc</value>
        </entry>		
        <entry>
            <key>addAccountGUId</key>
            <value>AddAccountGUID</value>
        </entry>
	<!--Removed Indicator  - Start-->
        <entry>
            <key>skuSpecific</key>
            <value>SKUSpecificIndicator</value>
        </entry>		
        <entry>
            <key>autoBill</key>
            <value>AutoBillIndicator</value>
        </entry>		
        <entry>
            <key>FixedAmount</key>
            <value>IsFixedAmount</value>
        </entry>
        <entry>
            <key>taxable</key>
            <value>TaxableIndicator</value>
        </entry>		
        <entry>
            <key>gigaPower</key>
            <value>GigaPowerIndicator</value>
        </entry>		
        <entry>
            <key>thirdPartyCombinedBill</key>
            <value>ThirdPartyCombinedBillIndicator</value>
        </entry>		
        <entry>
            <key>unifiedAccountPending</key>
            <value>UnifiedAccountPendingIndicator</value>
        </entry>		
        <entry>
            <key>unifiedAccountExisting</key>
            <value>UnifiedAccountExistingIndicator</value>
        </entry>		
        <entry>
            <key>convergedBilling</key>
            <value>ConvergedBillingIndicator</value>
        </entry>		
        <entry>
            <key>previousAddress</key>
            <value>PreviousAddressIndicator</value>
        </entry>		
        <entry>
            <key>homeAlarmSystem</key>
            <value>HomeAlarmSystemIndicator</value>
        </entry>		
        <entry>
            <key>proprietarySegment</key>
            <value>ProprietarySegmentIndicator</value>
        </entry>		
        <entry>
            <key>equipmentUpgrade</key>
            <value>EquipmentUpgradeIndicator</value>
        </entry>		
        <entry>
            <key>orderChange</key>
            <value>OrderChangeIndicator</value>
        </entry>		
        <entry>
            <key>internetProtocolDigitalSubscriberLineAccess</key>
            <value>IPDSLAIndicator</value>
        </entry>		
        <entry>
            <key>callerId</key>
            <value>CallerIdIndicator</value>
        </entry>		
	<!--Removed Indicator  - End-->
	
	<!--Add Indicator  - Start-->
        <entry>
            <key>ctnValidatedIndicator</key>
            <value>CTNValidated</value>
        </entry>		
        <entry>
            <key>cardNotValidatedIndicator</key>
            <value>CardNotValidated</value>
        </entry>		
        <entry>
            <key>delinquentAccountIndicator</key>
            <value>DelinquentAccount</value>
        </entry>		
        <entry>
            <key>consentToCCIndicator</key>
            <value>ConsentToCC</value>
        </entry>		
        <entry>
            <key>convergeOrderIndicator</key>
            <value>ConvergeOrder</value>
        </entry>		
        <entry>
            <key>convergeValidationIndicator</key>
            <value>ConvergeValidation</value>
        </entry>		
        <entry>
            <key>newAEUCheckerIndicator</key>
            <value>NewAEUChecker</value>
        </entry>		
        <entry>
            <key>asyncResponseIndicator</key>
            <value>AsyncResponse</value>
        </entry>		
        <entry>
            <key>creditCheckRanIndicator</key>
            <value>CCRan</value>
        </entry>		
        <entry>
            <key>orderConfirmationByEmailPermissionIndicator</key>
            <value>OrderConfirmationByEmailPermission</value>
        </entry>		
        <entry>
            <key>productUpdatesByEmailPermissionIndicator</key>
            <value>ProductUpdatesByEmailPermission</value>
        </entry>		
        <entry>
            <key>unpublishedContactByPhonePermissionIndicator</key>
            <value>UnpublishedContactByPhonePermission</value>
        </entry>		
        <entry>
            <key>permissionForOutboundCallIndicator</key>
            <value>PermissionForOutboundCall</value>
        </entry>		
        <entry>
            <key>referallOfCallsIndicator</key>
            <value>ReferallOfCalls</value>
        </entry>		
        <entry>
            <key>authenticatedIndicator</key>
            <value>Authenticated</value>
        </entry>		
        <entry>
            <key>reuseDSLMemberIdIndicator</key>
            <value>Reuse_DSLMemberId</value>
        </entry>		
        <entry>
            <key>ltePacketDataProtocolIndicator</key>
            <value>IsLTEPDP</value>
        </entry>		
        <entry>
            <key>byodIndicator</key>
            <value>BYOD</value>
        </entry>		
        <entry>
            <key>preOrderIndicator</key>
            <value>PreOrder</value>
        </entry>		
        <entry>
            <key>scheduleAsSoonAsPossibleIndicator</key>
            <value>ScheduleAsSoonAsPossible</value>
        </entry>		
        <entry>
            <key>billingInstallmentsIndicator</key>
            <value>BillingInstallments</value>
        </entry>		
        <entry>
            <key>omitAddressIndicator</key>
            <value>OmitAddress</value>
        </entry>		
        <entry>
            <key>releaseDetailForBillingIndicator</key>
            <value>ReleaseInfoForBilling</value>
        </entry>		
        <entry>
            <key>rsagValidationIndicator</key>
            <value>RsagValidation</value>
        </entry>		
        <entry>
            <key>b2bSkipUpgradeEligibilityIndicator</key>
            <value>B2BskipUpgradeEligibility</value>
        </entry>		
        <entry>
            <key>b2bIgnoreDepositRequiredIndicator</key>
            <value>B2BIgnoreDepositRequired</value>
        </entry>		
        <entry>
            <key>b2bMIRIneligibleIndicator</key>
            <value>B2BMIRIneligible</value>
        </entry>		
        <entry>
            <key>taxExemptIndicator</key>
            <value>TaxExemptInd</value>
        </entry>		
        <entry>
            <key>equipmentInstallmentPlanIndicator</key>
            <value>IsEIP</value>
        </entry>		
        <entry>
            <key>componentMapRequiredIndicator</key>
            <value>ComponentMapRequired</value>
        </entry>		
	<!--Add Indicator  - End-->

        <entry>
            <key>direcTVLOSCharacteristics</key>
            <value>DirecTVLOSChars</value>
        </entry>		
        <entry>
            <key>internetLOSCharacteristics</key>
            <value>InternetLOSChars</value>
        </entry>		
        <entry>
            <key>wirelessLOSCharacteristics</key>
            <value>WirelessLOSChars</value>
        </entry>		
        <entry>
            <key>direcTVLineItemCharacteristics</key>
            <value>DirecTVLineItemChars</value>
        </entry>		
        <entry>
            <key>internetLineItemCharacteristics</key>
            <value>InternetLineItemChars</value>
        </entry>		
        <entry>
            <key>wirelessLineItemCharacteristics</key>
            <value>WirelessLineItemChars</value>
        </entry>		
        <entry>
            <key>wirelessHardGoodCharacteristics</key>
            <value>WirelessHardGoodChars</value>
        </entry>		
        <entry>
            <key>numberLinesRequired</key>
            <value>NumberLinesReq</value>
        </entry>		
		<!--Exists Twice-->		
        <entry>
            <key>order/orderSource/sequence</key>
            <value>SequenceNumber</value>
        </entry>		
		
		<!-- New Elements-->
		
        <entry>
            <key>losgCharacteristics</key>
            <value>LoSGCharacteristics</value>
        </entry>		
        <entry>
            <key>losgReferenceId</key>
            <value>LoSGReferenceId</value>
        </entry>	
        <entry>
            <key>losgType</key>
            <value>LoSGType</value>
        </entry>	
        <entry>
            <key>losgStatus</key>
            <value>LoSGStatus</value>
        </entry>	
        <entry>
            <key>shadowLocalRoutingNumber</key>
            <value>ShadowLRN</value>
        </entry>	
        <entry>
            <key>installmentPlanDefinition</key>
            <value>InstallmentPlanDef</value>
        </entry>	
        <entry>
            <key>fieldId</key>
            <value>Fid</value>
        </entry>	
        <entry>
            <key>losgReferenceId</key>
            <value>LoSGReferenceId</value>
        </entry>	
        <entry>
            <key>internationalMobileSubscriberIdentity</key>
            <value>Imsi</value>
        </entry>	
        <entry>
            <key>primaryNPANXX</key>
            <value>PrimaryNpaNxx</value>
        </entry>	
        <entry>
            <key>lastNetworkAccessDeviceType</key>
            <value>LastNADType</value>
        </entry>	
        <entry>
            <key>codingAccuracySupportSystemAddress</key>
            <value>CassAddress</value>
        </entry>	
        <entry>
            <key>numberApprovedLines</key>
            <value>NumberApprLines</value>
        </entry>	
        <entry>
            <key>letterOfAuthorizationURL</key>
            <value>LoaURL</value>
        </entry>	
        <entry>
            <key>connecTechServiceDate</key>
            <value>ConnectechServiceDate</value>
        </entry>	
        <entry>
            <key>b2bs</key>
            <value>B2Bs</value>
        </entry>	
        <entry>
            <key>b2b</key>
            <value>B2B</value>
        </entry>	
        <entry>
            <key>b2bContractProvider</key>
            <value>B2BContractProvider</value>
        </entry>	
        <entry>
            <key>b2bContractType</key>
            <value>B2BContractType</value>
        </entry>	
        <entry>
            <key>b2bSalesRepCode</key>
            <value>B2BSalesRepCode</value>
        </entry>	
        <entry>
            <key>b2bFAN</key>
            <value>B2BFAN</value>
        </entry>	
        <entry>
            <key>b2bSIBEnrollment</key>
            <value>B2BsibEnrollment</value>
        </entry>	
        <entry>
            <key>b2bFANBusinessName</key>
            <value>B2BFANBusinessName</value>
        </entry>	
        <entry>
            <key>centralizedEmployeeTableId</key>
            <value>CenetId</value>
        </entry>	
		<entry>
            <key>crsmOnFlag</key>
            <value>CRSMOnFlag</value>
        </entry>
        <entry>
            <key>salesChannelType</key>
            <value>salesChannelType</value>
        </entry>
       <entry>
            <key>uucpStatus</key>
            <value>UUCPStatus</value>
        </entry>
        <entry>
            <key>shipmentInfoUpdatedIndicator</key>
            <value>IsShipmentInfoUpdated</value>
        </entry>
        <entry>
            <key>ctn</key>
            <value>CTN</value>
        </entry>
        <entry>
            <key>vin</key>
            <value>VIN</value>
        </entry>
        <entry>
        	<key>cpni</key>
        	<value>CPNI</value>
        </entry>
        <entry>
        	<key>eid</key>
        	<value>EID</value>
        </entry>
        <entry>
            <key>duplicateIndicator</key>
            <value>IsDuplicate</value>
        </entry>
        <entry>
            <key>connectedCarDetail</key>
            <value>ConnectedCarInfo</value>
        </entry>
        <entry>
        	<key>lockedIndicator</key>
        	<value>IsLocked</value>
        </entry>
        <entry>
        	<key>automationEnabledIndicator</key>
        	<value>IsAutomationEnabled</value>
        </entry>
        <entry>
        	<key>conflictingServiceInfoReferences</key>
        	<value>ConflictingServiceInfoRefs</value>
        </entry>
    </elementNameChanges>
</ajscConfig>