<!-- edited with XMLSpy v2008 (http://www.altova.com) by AT&T (AT&T) -->
<!-- Edited with XMLSpy v2008 (http://www.altova.com) by Binh Quach (CINGULAR WIRELESS) -->
<!-- edited with XMLSPY v5 rel. 4 U (http://www.xmlspy.com) by Durshetti (AT&T Wireless Services) -->
<!--Sample XML file generated by XMLSPY v2004 rel. 3 U (http://www.xmlspy.com)-->
<PartnerProfile xmlns="http://csi.cingular.com/CSI/Namespaces/Configuration/PartnerProfile.xsd" xmlns:xsi="http://www.w3.org/2001/XMLSchema-instance" xsi:schemaLocation="http://csi.cingular.com/CSI/Namespaces/Configuration/PartnerProfile.xsd C:\csi_projects\CommonServices\Schemas\v36\CSI\Partner\PartnerProfile.xsd">
	<!--
	Each partner will be listed in a unique block below along with a description of the
	authorized interfaces, and any parameters describing or required by the interface.
        This is valid for Dev & ST, but IST will need to identify the partners expecting to
	test the environment and add blocks to authorize them. 
   -->
	<ModifierATTID>sg7477</ModifierATTID>
	<UpdateTimeStamp>2013-06-30T00:06:07+05:30</UpdateTimeStamp>
	<GlobalConnectionBlocking>
		<ClientBlocking/>
		<InterfaceBlocking/>
	</GlobalConnectionBlocking>
	<GlobalConnectionLimitsConfiguration>
		<GlobalConnectionLimits>
			<alertThreshold>100</alertThreshold>
			<maxConnections>110</maxConnections>
		</GlobalConnectionLimits>
		<GlobalInterfaceConnectionLimits>
			<interfaceName>AddAccount</interfaceName>
			<InterfaceConnectionLimits>
				<maxConnections>10</maxConnections>
			</InterfaceConnectionLimits>
		</GlobalInterfaceConnectionLimits>
		<GlobalInterfaceConnectionLimits>
			<interfaceName>AddNote</interfaceName>
			<InterfaceConnectionLimits>
				<alertThreshold>90</alertThreshold>
				<maxConnections>110</maxConnections>
			</InterfaceConnectionLimits>
		</GlobalInterfaceConnectionLimits>
	</GlobalConnectionLimitsConfiguration>
	<GlobalTimeoutConfiguration>
		<GlobalTimeout>
			<minTimeout>5000</minTimeout>
			<defaultTimeout>300000</defaultTimeout>
			<maxTimeout>600000</maxTimeout>
		</GlobalTimeout>
		<GlobalInterfaceTimeout>
			<interfaceName>AddNote</interfaceName>
			<InterfaceTimeout>
				<minTimeout>5000</minTimeout>
				<defaultTimeout>250000</defaultTimeout>
				<maxTimeout>300000</maxTimeout>
			</InterfaceTimeout>
		</GlobalInterfaceTimeout>
		<GlobalInterfaceTimeout>
			<interfaceName>CreateFiberServiceVOIPNumber</interfaceName>
			<InterfaceTimeout>
				<minTimeout>120000</minTimeout>
				<defaultTimeout>300000</defaultTimeout>
				<maxTimeout>300000</maxTimeout>
			</InterfaceTimeout>
		</GlobalInterfaceTimeout>
		<GlobalInterfaceTimeout>
			<interfaceName>InquireAccountProfile</interfaceName>
			<InterfaceTimeout>
				<minTimeout>5000</minTimeout>
				<defaultTimeout>100000</defaultTimeout>
				<maxTimeout>250000</maxTimeout>
			</InterfaceTimeout>
		</GlobalInterfaceTimeout>
		<GlobalInterfaceTimeout>
			<interfaceName>InquireUnbilledUsageDetail</interfaceName>
			<InterfaceTimeout>
				<minTimeout>5000</minTimeout>
				<defaultTimeout>250000</defaultTimeout>
				<maxTimeout>300000</maxTimeout>
			</InterfaceTimeout>
		</GlobalInterfaceTimeout>
		<GlobalInterfaceTimeout>
			<interfaceName>InquireWirelinePortEligibility</interfaceName>
			<InterfaceTimeout>
				<minTimeout>5000</minTimeout>
				<defaultTimeout>330000</defaultTimeout>
				<maxTimeout>600000</maxTimeout>
			</InterfaceTimeout>
		</GlobalInterfaceTimeout>
		<GlobalInterfaceTimeout>
			<interfaceName>QualifyAndQuoteFiberServiceProducts</interfaceName>
			<InterfaceTimeout>
				<minTimeout>120000</minTimeout>
				<defaultTimeout>300000</defaultTimeout>
				<maxTimeout>300000</maxTimeout>
			</InterfaceTimeout>
		</GlobalInterfaceTimeout>
		<GlobalInterfaceTimeout>
			<interfaceName>SendSms</interfaceName>
			<InterfaceTimeout>
				<minTimeout>5000</minTimeout>
				<defaultTimeout>150000</defaultTimeout>
				<maxTimeout>180000</maxTimeout>
			</InterfaceTimeout>
		</GlobalInterfaceTimeout>
		<GlobalInterfaceTimeout>
			<interfaceName>ValidateFiberServiceFacility</interfaceName>
			<InterfaceTimeout>
				<minTimeout>120000</minTimeout>
				<defaultTimeout>1200000</defaultTimeout>
				<maxTimeout>1200000</maxTimeout>
			</InterfaceTimeout>
		</GlobalInterfaceTimeout>
		<GlobalInterfaceTimeout>
			<interfaceName>ValidateFiberServiceFacilityResponse</interfaceName>
			<InterfaceTimeout>
				<minTimeout>120000</minTimeout>
				<defaultTimeout>1200000</defaultTimeout>
				<maxTimeout>1200000</maxTimeout>
			</InterfaceTimeout>
		</GlobalInterfaceTimeout>
		<GlobalInterfaceTimeout>
			<interfaceName>ExecuteWirelineMechanizedLoopTest</interfaceName>
			<InterfaceTimeout>
				<minTimeout>120000</minTimeout>
				<defaultTimeout>1200000</defaultTimeout>
				<maxTimeout>1200000</maxTimeout>
			</InterfaceTimeout>
		</GlobalInterfaceTimeout>
		<GlobalInterfaceTimeout>
			<interfaceName>ExecuteWirelineMechanizedLoopTestResponse</interfaceName>
			<InterfaceTimeout>
				<minTimeout>120000</minTimeout>
				<defaultTimeout>1200000</defaultTimeout>
				<maxTimeout>1200000</maxTimeout>
			</InterfaceTimeout>
		</GlobalInterfaceTimeout>
		<GlobalInterfaceTimeout>
			<interfaceName>AppDev_NetworkPerformance</interfaceName>
			<InterfaceTimeout>
				<minTimeout>60000</minTimeout>
				<defaultTimeout>100000</defaultTimeout>
				<maxTimeout>250000</maxTimeout>
			</InterfaceTimeout>
		</GlobalInterfaceTimeout>
	</GlobalTimeoutConfiguration>
	<GlobalRuntimeEngineConfiguration>
		<runtimeEngine>BW</runtimeEngine>
	</GlobalRuntimeEngineConfiguration>
	<GlobalIAPMaxAllowedCtns>25</GlobalIAPMaxAllowedCtns>
	<GlobalIUCSPMaxAllowedCtns>10</GlobalIUCSPMaxAllowedCtns>
	<GlobalACTFSTNPMaxAllowedCtns>10</GlobalACTFSTNPMaxAllowedCtns>
	<GlobalADDFSTNPMaxAllowedCtns>10</GlobalADDFSTNPMaxAllowedCtns>
	<GlobalIFSTNPSMaxAllowedCtns>10</GlobalIFSTNPSMaxAllowedCtns>
	<Partner>
		<userName>csitest</userName>
		<userPassword>testingcsi</userPassword> 
		<originatorId>csitest</originatorId> 
		<isReseller>false</isReseller>
		<isBusinessAllianceChannel>false</isBusinessAllianceChannel>
		<salesChannelId>WALMART</salesChannelId>
		<isBroker>false</isBroker>
		<PartnerTimeoutConfiguration>
			<minTimeout>500</minTimeout>
			<defaultTimeout>300000</defaultTimeout>
			<maxTimeout>600000</maxTimeout>
		</PartnerTimeoutConfiguration>
		<AuthorizedInterface>
			<name>accountdetails</name>
			<resource>v1</resource>
			<allowedMethods>get</allowedMethods>
		</AuthorizedInterface>		
		<AuthorizedInterface>
			<name>AddContentProviderSponsor</name>
		</AuthorizedInterface>
		<AuthorizedInterface>
			<name>AddEmployeeDetails</name>
		</AuthorizedInterface>
		<AuthorizedInterface>
			<name>InquireEmployeeDetails</name>
		</AuthorizedInterface>
		<AuthorizedInterface>
			<name>InquireVoiceUsageDetails</name>
		</AuthorizedInterface>
		<AuthorizedInterface>
			<name>UpdateContentProviderSponsor</name>
		</AuthorizedInterface>
		<AuthorizedInterface>
			<name>InquireContentProviderSponsor</name>
		</AuthorizedInterface>
		<AuthorizedInterface>
			<name>InquireCircuitTestResults</name>
		</AuthorizedInterface>
		<AuthorizedInterface>
			<name>InquireAccountProfileV78</name>
		</AuthorizedInterface>
		<AuthorizedInterface>
			<name>InquireSubscriberProfileV78</name>
		</AuthorizedInterface>
		<AuthorizedInterface>
			<name>ScheduleCircuitTest</name>
		</AuthorizedInterface>
		<AuthorizedInterface>
			<name>CancelScheduledCircuitTest</name>
		</AuthorizedInterface>
		<AuthorizedInterface>
			<name>InquireAvailableCircuitTestList</name>
		</AuthorizedInterface>
		<AuthorizedInterface>
			<name>SubmitCircuitTest</name>
		</AuthorizedInterface>
		<AuthorizedInterface>
			<name>InquireCustomerTroubleTicketDetails</name>
		</AuthorizedInterface>
		<AuthorizedInterface>
			<name>UpdateCustomerTroubleTicketDetails</name>
		</AuthorizedInterface>
		<AuthorizedInterface>
			<name>AddCustomerTroubleTicket</name>
		</AuthorizedInterface>
		<AuthorizedInterface>
			<name>ManageBusinessServices</name>
		</AuthorizedInterface>
		<AuthorizedInterface>
			<name>InquireMobileUsageDetails</name>
		</AuthorizedInterface>
		<AuthorizedInterface>
			<name>UpdateEnterpriseEndUserPermissions</name>
		</AuthorizedInterface>
		<AuthorizedInterface>
			<name>SwapCrossUpgradeEquipment</name>
		</AuthorizedInterface>
		<AuthorizedInterface>
			<name>ManageMobilePaymentProfile</name>
		</AuthorizedInterface>
		<AuthorizedInterface>
			<name>InquireCustomerAlarmList</name>
		</AuthorizedInterface>
		<AuthorizedInterface>
			<name>InquireCustomerAlarmCount</name>
		</AuthorizedInterface>
		<AuthorizedInterface>
			<name>UpdateCustomerAlarmAcknowledgment</name>
		</AuthorizedInterface>
		<AuthorizedInterface>
			<name>InquireRatingModel</name>
		</AuthorizedInterface>
		<AuthorizedInterface>
			<name>InquireCustomerPurchaseEligibility</name>
		</AuthorizedInterface>
		<AuthorizedInterface>
			<name>InquireCustomerTroubleTicketList</name>
		</AuthorizedInterface>
		<AuthorizedInterface>
			<name>InquireCustomerTroubleTicketCount</name>
		</AuthorizedInterface>
		<AuthorizedInterface>
			<name>InquireResellerAccountProfile</name>
		</AuthorizedInterface>
		<AuthorizedInterface>
			<name>SubmitResellerContractInformation</name>
		</AuthorizedInterface>
		<AuthorizedInterface>
			<name>InquireInternationalOfferings</name>
		</AuthorizedInterface>
		<AuthorizedInterface>
			<name>InquireAccessCircuitSummary</name>
		</AuthorizedInterface>
		<AuthorizedInterface>
			<name>InquireEnterpriseOrderDetails</name>
		</AuthorizedInterface>
		<AuthorizedInterface>
			<name>InquireEnterpriseOrderList</name>
		</AuthorizedInterface>
		<AuthorizedInterface>
			<name>InquireEnterpriseOrderStatus</name>
		</AuthorizedInterface>
		<AuthorizedInterface>
			<name>InquireEthernetDetails</name>
		</AuthorizedInterface>
		<AuthorizedInterface>
			<name>InquireCustomerDigitalLifeInstallationProfile</name>
		</AuthorizedInterface>
		<AuthorizedInterface>
			<name>InquireDirectoryListingHeadings</name>
		</AuthorizedInterface>
		<AuthorizedInterface>
			<name>ManageDigitalLifeDevice</name>
		</AuthorizedInterface>
		<AuthorizedInterface>
			<name>SendDigitalLifeDeviceNotification</name>
		</AuthorizedInterface>
		<AuthorizedInterface>
			<name>ExecuteWirelineMechanizedLoopTest</name>
		</AuthorizedInterface>
		<AuthorizedInterface>
			<name>ExecuteWirelineMechanizedLoopTestResponse</name>
		</AuthorizedInterface>
		<AuthorizedInterface>
			<name>InquireNetworkAssetDetails</name>
		</AuthorizedInterface>
		<AuthorizedInterface>
			<name>InquireVOIPProbeDetails</name>
		</AuthorizedInterface>
		<AuthorizedInterface>
			<name>InquireVOIPAssetDetails</name>
		</AuthorizedInterface>
		<AuthorizedInterface>
			<name>InquireManagedAssetDetails</name>
		</AuthorizedInterface>
		<AuthorizedInterface>
			<name>ExecuteExternalIdVerificationQA</name>
		</AuthorizedInterface>
		<AuthorizedInterface>
			<name>InquireIPNetworkServiceLocationDetails</name>
		</AuthorizedInterface>
		<AuthorizedInterface>
			<name>InquireUnifiedCreditCheckResult</name>
		</AuthorizedInterface>
		<AuthorizedInterface>
			<name>ProcessDeviceUnlock</name>
		</AuthorizedInterface>
		<AuthorizedInterface>
			<name>InquireWirelessDashboard</name>
		</AuthorizedInterface>
		<AuthorizedInterface>
			<name>InquireWirelineServiceAppointmentReservations</name>
		</AuthorizedInterface>
		<AuthorizedInterface>
			<name>UpdateWirelineServiceAppointmentReservation</name>
		</AuthorizedInterface>
		<AuthorizedInterface>
			<name>InquireTechnicianDispatchStatus</name>
		</AuthorizedInterface>
		<AuthorizedInterface>
			<name>UpdateIDDBAutoGroup</name>
		</AuthorizedInterface>
		<AuthorizedInterface>
			<name>UpdateIDDBDailyRules</name>
		</AuthorizedInterface>
		<AuthorizedInterface>
			<name>UpdateIDDBGeography</name>
		</AuthorizedInterface>
		<AuthorizedInterface>
			<name>UpdateIDDBMasterTemplate</name>
		</AuthorizedInterface>
		<AuthorizedInterface>
			<name>ValidateOpenDeviceEligibility</name>
		</AuthorizedInterface>
		<AuthorizedInterface>
			<name>ValidateOpenDeviceEmailAddressAvailability</name>
		</AuthorizedInterface>
		<AuthorizedInterface>
			<name>RetrieveAvailableOpenDeviceProducts</name>
		</AuthorizedInterface>
		<AuthorizedInterface>
			<name>RetrieveOpenDeviceDetails</name>
		</AuthorizedInterface>
		<AuthorizedInterface>
			<name>ValidateAndQualifyOpenDeviceAddress</name>
		</AuthorizedInterface>
		<AuthorizedInterface>
			<name>RetrieveOpenDeviceTax</name>
		</AuthorizedInterface>
		<AuthorizedInterface>
			<name>CreateOpenDeviceCustomer</name>
		</AuthorizedInterface>
		<AuthorizedInterface>
			<name>CreateOpenDeviceCustomerOrder</name>
		</AuthorizedInterface>
		<AuthorizedInterface>
			<name>AddRetailStoreAppointment</name>
		</AuthorizedInterface>
		<AuthorizedInterface>
			<name>ValidateAddressServiceAvailability</name>
		</AuthorizedInterface>
		<AuthorizedInterface>
			<name>InquireAvailableRetailStoreAppointments</name>
		</AuthorizedInterface>
		<AuthorizedInterface>
			<name>InquireRetailStoreAppointmentReferenceDetails</name>
		</AuthorizedInterface>
		<AuthorizedInterface>
			<name>UpdateFanProfile</name>
		</AuthorizedInterface>
		<AuthorizedInterface>
			<name>InquireRetailStoreAppointmentList</name>
		</AuthorizedInterface>
		<AuthorizedInterface>
			<name>InquireKeyValueStore</name>
		</AuthorizedInterface>
		<AuthorizedInterface>
			<name>UpdateKeyValueStore</name>
		</AuthorizedInterface>
		<AuthorizedInterface>
			<name>AppDev_NetworkPerformance</name>
			<resource>wireless</resource>
			<allowedMethods>get</allowedMethods>
		</AuthorizedInterface>
		<AuthorizedInterface>
			<name>InquireUnifiedCustomerIdentifiers</name>
		</AuthorizedInterface>
		<AuthorizedInterface>
			<name>InquireNetworkLatency</name>
		</AuthorizedInterface>
		<AuthorizedInterface>
			<name>InquireNetworkTrafficDensity</name>
		</AuthorizedInterface>
		<AuthorizedInterface>
			<name>InquireReferenceCodeList</name>
		</AuthorizedInterface>
		<AuthorizedInterface>
			<name>InquireBillList</name>
		</AuthorizedInterface>
		<AuthorizedInterface>
			<name>InquireSubscriberBilledCallDetails</name>
		</AuthorizedInterface>
		<AuthorizedInterface>
			<name>InquireSubscriberCharges</name>
		</AuthorizedInterface>
		<AuthorizedInterface>
			<name>InquireSubscriberHistory</name>
		</AuthorizedInterface>
		<AuthorizedInterface>
			<name>InquireSwitchCircuitDetails</name>
		</AuthorizedInterface>
		<AuthorizedInterface>
			<name>InquireSwitchCircuitList</name>
		</AuthorizedInterface>
		<AuthorizedInterface>
			<name>AddBillAccounts</name>
		</AuthorizedInterface>
		<AuthorizedInterface>
			<name>AddUCOrder</name>
		</AuthorizedInterface>
		<AuthorizedInterface>
			<name>OrderDeviceProtectionPlan</name>
		</AuthorizedInterface>
		<AuthorizedInterface>
			<name>ResetEwalletSecurityProfile</name>
		</AuthorizedInterface>
		<AuthorizedInterface>
			<name>UpdateCustomerSalesSupportDetails</name>
		</AuthorizedInterface>
		<AuthorizedInterface>
			<name>UpdatePartnerServicesProductStatus</name>
		</AuthorizedInterface>
		<AuthorizedInterface>
			<name>UpdateSubscriberParentalControls</name>
			<voltageEnabledIndicator>false</voltageEnabledIndicator>
		</AuthorizedInterface>
		<AuthorizedInterface>
			<name>InquireOrderDetails</name>
		</AuthorizedInterface>
		<AuthorizedInterface>
			<name>UpdateCPEDetails</name>
		</AuthorizedInterface>
		<AuthorizedInterface>
			<name>InquireNonSBSInventory</name>
		</AuthorizedInterface>
		<AuthorizedInterface>
			<name>UpdateUCCustomerProfile</name>
		</AuthorizedInterface>
		<AuthorizedInterface>
			<name>InquireUCCustomerProfile</name>
		</AuthorizedInterface>
		<AuthorizedInterface>
			<name>CreateUCCustomerNumber</name>
		</AuthorizedInterface>
		<AuthorizedInterface>
			<name>AuthorizeLOAUpdate</name>
		</AuthorizedInterface>
		<AuthorizedInterface>
			<name>ReleaseInquiredTelephoneNumbers</name>
		</AuthorizedInterface>
		<AuthorizedInterface>
			<name>ValidateTelephoneNumbers</name>
		</AuthorizedInterface>
		<AuthorizedInterface>
			<name>UpdateLOADetails</name>
		</AuthorizedInterface>
		<AuthorizedInterface>
			<name>ValidateOrder</name>
		</AuthorizedInterface>
		<AuthorizedInterface>
			<name>UpdateBVOIPSiteProfile</name>
		</AuthorizedInterface>
		<AuthorizedInterface>
			<name>InquireUpsellEligibility</name>
		</AuthorizedInterface>
		<AuthorizedInterface>
			<name>InquireIncompatibleOfferings</name>
		</AuthorizedInterface>
		<AuthorizedInterface>
			<name>UpdateBVOIPSubscriberAssociation</name>
		</AuthorizedInterface>
		<AuthorizedInterface>
			<name>SendBVOIPSubscriberAssociationNotification</name>
		</AuthorizedInterface>
		<AuthorizedInterface>
			<name>CreateWirelineServiceOrder</name>
		</AuthorizedInterface>
		<AuthorizedInterface>
			<name>InquireWirelineDirectoryAvailability</name>
		</AuthorizedInterface>
		<AuthorizedInterface>
			<name>InquireAvailableCustomerSparePairsSummary</name>
		</AuthorizedInterface>
		<AuthorizedInterface>
			<name>UpdateUnifiedCustomerLoginProfile</name>
		</AuthorizedInterface>
		<AuthorizedInterface>
			<name>InquireEnterpriseDetails</name>
		</AuthorizedInterface>
		<AuthorizedInterface>
			<name>InquirePaymentProductApplicationResult</name>
		</AuthorizedInterface>
		<AuthorizedInterface>
			<name>InquireTroubleTicketStatus</name>
		</AuthorizedInterface>
		<AuthorizedInterface>
			<name>InquireTroubleReferenceDetails</name>
		</AuthorizedInterface>
		<AuthorizedInterface>
			<name>InquireTroubleTicketHistory</name>
		</AuthorizedInterface>
		<AuthorizedInterface>
			<name>UpdateTroubleTicketDetails</name>
		</AuthorizedInterface>
		<AuthorizedInterface>
			<name>AddEnterpriseTroubleTicket</name>
		</AuthorizedInterface>
		<AuthorizedInterface>
			<name>InquireContractTerminationDetails</name>
		</AuthorizedInterface>
		<AuthorizedInterface>
			<name>UpdatePaymentPreferences</name>
		</AuthorizedInterface>
		<AuthorizedInterface>
			<name>InquireWirelineServiceAppointments</name>
		</AuthorizedInterface>
		<AuthorizedInterface>
			<name>ReserveWirelineServiceAppointment</name>
		</AuthorizedInterface>
		<AuthorizedInterface>
			<name>InquireWirelinePendingOrderDetails</name>
		</AuthorizedInterface>
		<AuthorizedInterface>
			<name>SubmitWirelineFacilityAssignmentOrder</name>
		</AuthorizedInterface>
		<AuthorizedInterface>
			<name>InquireWirelinePendingOrderDetailsResponse</name>
		</AuthorizedInterface>
		<AuthorizedInterface>
			<name>AddTroubleTicket</name>
		</AuthorizedInterface>
		<AuthorizedInterface>
			<name>InquireFemtocellDevice</name>
		</AuthorizedInterface>
		<AuthorizedInterface>
			<name>UpdateFemtocellDevice</name>
		</AuthorizedInterface>
		<AuthorizedInterface>
			<name>SendTroubleTicketStatusNotice</name>
		</AuthorizedInterface>
		<AuthorizedInterface>
			<name>InquireWirelineTechnicianAssignments</name>
		</AuthorizedInterface>
		<AuthorizedInterface>
			<name>InquireAvailableFiberServiceAppointments</name>
		</AuthorizedInterface>
		<AuthorizedInterface>
			<name>SubmitMechanizedLoopTest</name>
		</AuthorizedInterface>
		<AuthorizedInterface>
			<name>InquirePortedTNList</name>
		</AuthorizedInterface>
		<AuthorizedInterface>
			<name>InquireWirelinePortDetails</name>
		</AuthorizedInterface>
		<AuthorizedInterface>
			<name>InquireHostRoutingDetails</name>
		</AuthorizedInterface>
		<AuthorizedInterface>
			<name>InquireBundledOrder</name>
		</AuthorizedInterface>
		<AuthorizedInterface>
			<name>InquireBundledAccountServices</name>
		</AuthorizedInterface>
		<AuthorizedInterface>
			<name>UpdateBundledAccountServices</name>
		</AuthorizedInterface>
		<AuthorizedInterface>
			<name>UpdateWirelineWorkOrder</name>
		</AuthorizedInterface>
		<AuthorizedInterface>
			<name>InquireSubscriberCallList</name>
		</AuthorizedInterface>
		<AuthorizedInterface>
			<name>UpdateSubscriberCallList</name>
		</AuthorizedInterface>
		<AuthorizedInterface>
			<name>ValidateCreditPolicy</name>
		</AuthorizedInterface>
		<AuthorizedInterface>
			<name>AddPaymentProfile</name>
			<voltageEnabledIndicator>true</voltageEnabledIndicator>
		</AuthorizedInterface>
		<AuthorizedInterface>
			<name>ActivateSwitchFeatures</name>
		</AuthorizedInterface>
		<AuthorizedInterface>
			<name>AddTechnicianTroubleNote</name>
		</AuthorizedInterface>
		<AuthorizedInterface>
			<name>UpdatePaymentProfile</name>
			<voltageEnabledIndicator>true</voltageEnabledIndicator>
		</AuthorizedInterface>
		<AuthorizedInterface>
			<name>InquireSBSBundledDiscountSubscriberList</name>
		</AuthorizedInterface>
		<AuthorizedInterface>
			<name>ExchangePerformanceMetrics</name>
		</AuthorizedInterface>
		<AuthorizedInterface>
			<name>InquireBundledOrderStatus</name>
		</AuthorizedInterface>
		<AuthorizedInterface>
			<name>InquireAvailableBundlePackages</name>
		</AuthorizedInterface>
		<AuthorizedInterface>
			<name>InquireBundledOrderList</name>
		</AuthorizedInterface>
		<AuthorizedInterface>
			<name>DeletePaymentProfile</name>
		</AuthorizedInterface>
		<AuthorizedInterface>
			<name>UpdateBillingPreferences</name>
		</AuthorizedInterface>
		<AuthorizedInterface>
			<name>SendBillingPreferencesNotification</name>
		</AuthorizedInterface>
		<AuthorizedInterface>
			<name>InquirePaymentProfile</name>
		</AuthorizedInterface>
		<AuthorizedInterface>
			<name>InquireServiceAvailabilityForLocation</name>
		</AuthorizedInterface>
		<AuthorizedInterface>
			<name>ActivateCustomer</name>
		</AuthorizedInterface>
		<AuthorizedInterface>
			<name>ActivateDevice</name>
		</AuthorizedInterface>
		<AuthorizedInterface>
			<name>ActivateFemtocellService</name>
		</AuthorizedInterface>
		<AuthorizedInterface>
			<name>ActivateFiberServiceResidentialGateway</name>
		</AuthorizedInterface>
		<AuthorizedInterface>
			<name>ActivateFiberServiceTNPort</name>
		</AuthorizedInterface>
		<AuthorizedInterface>
			<name>ActivatePendingEquipmentUpgrade</name>
		</AuthorizedInterface>
		<AuthorizedInterface>
			<name>ActivateSubscriber</name>
		</AuthorizedInterface>
		<AuthorizedInterface>
			<name>ActivateSubscriberReseller</name>
		</AuthorizedInterface>
		<AuthorizedInterface>
			<name>ActivateSubscriberResellerResponse</name>
		</AuthorizedInterface>
		<AuthorizedInterface>
			<name>ActivateSubscriberResponse</name>
		</AuthorizedInterface>
		<AuthorizedInterface>
			<name>Add3PPOrderNotes</name>
		</AuthorizedInterface>
		<AuthorizedInterface>
			<name>Add3PPOrderShipment</name>
		</AuthorizedInterface>
		<AuthorizedInterface>
			<name>AddAccount</name>
			<InterfaceConnectionConfiguration>
				<maxConnections>25</maxConnections>
			</InterfaceConnectionConfiguration>
		</AuthorizedInterface>
		<AuthorizedInterface>
			<name>AddAffiliateDiscount</name>
		</AuthorizedInterface>
		<AuthorizedInterface>
			<name>AddATTConnectAccount</name>
		</AuthorizedInterface>
		<AuthorizedInterface>
			<name>AddCombinedBilling</name>
		</AuthorizedInterface>
		<AuthorizedInterface>
			<name>AddCreditPolicyProfile</name>
		</AuthorizedInterface>
		<AuthorizedInterface>
			<name>AddCustomerDeviceSalesData</name>
		</AuthorizedInterface>
		<AuthorizedInterface>
			<name>AddBundledOrder</name>
		</AuthorizedInterface>
		<AuthorizedInterface>
			<name>UpdateBundledOrder</name>
		</AuthorizedInterface>
		<AuthorizedInterface>
			<name>AddFemtocellAddress</name>
		</AuthorizedInterface>
		<AuthorizedInterface>
			<name>AddFemtocellCALEALocation</name>
		</AuthorizedInterface>
		<AuthorizedInterface>
			<name>AddFemtocellProfile</name>
		</AuthorizedInterface>
		<AuthorizedInterface>
			<name>AddFiberServiceAccount</name>
		</AuthorizedInterface>
		<AuthorizedInterface>
			<name>AddFiberServiceCreditPolicy</name>
			<voltageEnabledIndicator>true</voltageEnabledIndicator>
		</AuthorizedInterface>
		<AuthorizedInterface>
			<name>AddFiberServiceTNPort</name>
		</AuthorizedInterface>
		<AuthorizedInterface>
			<name>AddInsuranceClaimOrder</name>
		</AuthorizedInterface>
		<AuthorizedInterface>
			<name>AddNetworkElementTroubleReport</name>
		</AuthorizedInterface>
		<AuthorizedInterface>
			<name>AddNote</name>
		</AuthorizedInterface>
		<AuthorizedInterface>
			<name>AddOrderEmail</name>
		</AuthorizedInterface>
		<AuthorizedInterface>
			<name>AddOtherChargesCredits</name>
		</AuthorizedInterface>
		<AuthorizedInterface>
			<name>AddPayment</name>
			<voltageEnabledIndicator>true</voltageEnabledIndicator>
		</AuthorizedInterface>
		<AuthorizedInterface>
			<name>AddPort</name>
		</AuthorizedInterface>
		<AuthorizedInterface>
			<name>AddPrepaidFeature</name>
		</AuthorizedInterface>
		<AuthorizedInterface>
			<name>AddPrepaidPayment</name>
			<InterfaceTimeoutConfiguration>
				<minTimeout>5000</minTimeout>
				<defaultTimeout>300000</defaultTimeout>
				<maxTimeout>300000</maxTimeout>
			</InterfaceTimeoutConfiguration>
		</AuthorizedInterface>
		<AuthorizedInterface>
			<name>AddPromiseToPay</name>
		</AuthorizedInterface>
		<AuthorizedInterface>
			<name>AddRemoveProductCodeIndicator</name>
		</AuthorizedInterface>
		<AuthorizedInterface>
			<name>AddSbcCombinedBilling</name>
		</AuthorizedInterface>
		<AuthorizedInterface>
			<name>AddSbcSaleInformation</name>
		</AuthorizedInterface>
		<AuthorizedInterface>
			<name>AddSmsPayment</name>
		</AuthorizedInterface>
		<AuthorizedInterface>
			<name>AddWirelineNote</name>
		</AuthorizedInterface>
		<AuthorizedInterface>
			<name>AddWirelineOrder</name>
		</AuthorizedInterface>
		<AuthorizedInterface>
			<name>AddWirelinePayment</name>
			<voltageEnabledIndicator>true</voltageEnabledIndicator>
		</AuthorizedInterface>
		<AuthorizedInterface>
			<name>AddWirelinePaymentPlan</name>
			<voltageEnabledIndicator>true</voltageEnabledIndicator>
		</AuthorizedInterface>
		<AuthorizedInterface>
			<name>ApplyDataTreatment</name>
		</AuthorizedInterface>
		<AuthorizedInterface>
			<name>ApplyFiberServiceCreditPolicy</name>
		</AuthorizedInterface>
		<AuthorizedInterface>
			<name>ApplyPrepaidPayment</name>
		</AuthorizedInterface>
		<AuthorizedInterface>
			<name>ApplyPrepaidVoucher</name>
		</AuthorizedInterface>
		<AuthorizedInterface>
			<name>AuthenticateFanPassword</name>
		</AuthorizedInterface>
		<AuthorizedInterface>
			<name>AuthenticateFanPin</name>
		</AuthorizedInterface>
		<AuthorizedInterface>
			<name>AuthorizeCreditCard</name>
			<voltageEnabledIndicator>true</voltageEnabledIndicator>
		</AuthorizedInterface>
		<AuthorizedInterface>
			<name>CalculateSatelliteServiceTaxes</name>
		</AuthorizedInterface>
		<AuthorizedInterface>
			<name>CalculateTaxes</name>
		</AuthorizedInterface>
		<AuthorizedInterface>
			<name>Cancel3PPOrder</name>
		</AuthorizedInterface>
		<AuthorizedInterface>
			<name>CancelCombinedBilling</name>
		</AuthorizedInterface>
		<AuthorizedInterface>
			<name>CancelCopay</name>
		</AuthorizedInterface>
		<AuthorizedInterface>
			<name>CancelFemtocellE911Service</name>
		</AuthorizedInterface>
		<AuthorizedInterface>
			<name>CancelFemtocellNetwork</name>
		</AuthorizedInterface>
		<AuthorizedInterface>
			<name>CancelFemtocellService</name>
		</AuthorizedInterface>
		<AuthorizedInterface>
			<name>CancelFiberServiceWorkOrder</name>
		</AuthorizedInterface>
		<AuthorizedInterface>
			<name>CancelHLRRegistration</name>
		</AuthorizedInterface>
		<AuthorizedInterface>
			<name>CancelInsuranceClaimOrder</name>
		</AuthorizedInterface>
		<AuthorizedInterface>
			<name>CancelPendingEquipmentUpgrade</name>
		</AuthorizedInterface>
		<AuthorizedInterface>
			<name>CancelPort</name>
		</AuthorizedInterface>
		<AuthorizedInterface>
			<name>CancelReservedFiberServiceVOIPNumber</name>
		</AuthorizedInterface>
		<AuthorizedInterface>
			<name>CancelWirelinePayment</name>
		</AuthorizedInterface>
		<AuthorizedInterface>
			<name>ChangeSubscriberNumber</name>
		</AuthorizedInterface>
		<AuthorizedInterface>
			<name>CheckEligibility</name>
		</AuthorizedInterface>
		<AuthorizedInterface>
			<name>ConfirmHLRRegistration</name>
		</AuthorizedInterface>
		<AuthorizedInterface>
			<name>ConfirmWirelineTNReservation</name>
		</AuthorizedInterface>
		<AuthorizedInterface>
			<name>CreateFiberServiceAccount</name>
		</AuthorizedInterface>
		<AuthorizedInterface>
			<name>CreateFiberServiceVOIPNumber</name>
		</AuthorizedInterface>
		<AuthorizedInterface>
			<name>CreateFiberServiceWorkOrder</name>
		</AuthorizedInterface>
		<AuthorizedInterface>
			<name>CreateSatelliteServiceOrder</name>
		</AuthorizedInterface>
		<AuthorizedInterface>
			<name>DeleteFemtocellAddress</name>
		</AuthorizedInterface>
		<AuthorizedInterface>
			<name>DeleteFemtocellProfile</name>
		</AuthorizedInterface>
		<AuthorizedInterface>
			<name>DetermineFiberServiceAccountHistoryList</name>
		</AuthorizedInterface>
		<AuthorizedInterface>
			<name>DetermineFiberServiceDuplicateApplicationList</name>
		</AuthorizedInterface>
		<AuthorizedInterface>
			<name>Echo</name>
		</AuthorizedInterface>
		<AuthorizedInterface>
			<name>ExecuteAffiliateCreditCheck</name>
		</AuthorizedInterface>
		<AuthorizedInterface>
			<name>ExecuteCreditCheck</name>
		</AuthorizedInterface>
		<AuthorizedInterface>
			<name>ExecuteFiberServiceCreditCheck</name>
		</AuthorizedInterface>
		<AuthorizedInterface>
			<name>ExecuteNBIMigration</name>
		</AuthorizedInterface>
		<AuthorizedInterface>
			<name>ExecuteSalesOpportunityCreditCheck</name>
		</AuthorizedInterface>
		<AuthorizedInterface>
			<name>ExecuteWirelineCreditCheck</name>
		</AuthorizedInterface>
		<AuthorizedInterface>
			<name>ExecuteWirelineTroubleReportFunction</name>
		</AuthorizedInterface>
		<AuthorizedInterface>
			<name>Generic</name>
		</AuthorizedInterface>
		<AuthorizedInterface>
			<name>InitiateFiberServiceOrder</name>
		</AuthorizedInterface>
		<AuthorizedInterface>
			<name>InitiateUnifiedCreditPolicyRetrieval</name>
		</AuthorizedInterface>
		<AuthorizedInterface>
			<name>InquireAccessoryPricing</name>
		</AuthorizedInterface>
		<AuthorizedInterface>
			<name>InquireAccountList</name>
			<voltageEnabledIndicator>true</voltageEnabledIndicator>
		</AuthorizedInterface>
		<AuthorizedInterface>
			<name>InquireAccountPaymentHistory</name>
		</AuthorizedInterface>
		<AuthorizedInterface>
			<name>InquireAccountProfile</name>
			<voltageEnabledIndicator>true</voltageEnabledIndicator>
		</AuthorizedInterface>
		<AuthorizedInterface>
			<name>InquireAccountSubscribers</name>
		</AuthorizedInterface>
		<AuthorizedInterface>
			<name>InquireActivationCommissionCodes</name>
		</AuthorizedInterface>
		<AuthorizedInterface>
			<name>InquireAdditionalOfferings</name>
		</AuthorizedInterface>
		<AuthorizedInterface>
			<name>InquireAddressMatch</name>
		</AuthorizedInterface>
		<AuthorizedInterface>
			<name>InquireAffiliateAccountPaymentBalance</name>
		</AuthorizedInterface>
		<AuthorizedInterface>
			<name>InquireAffiliateAccountProfile</name>
		</AuthorizedInterface>
		<AuthorizedInterface>
			<name>InquireAffiliateCustomerAccount</name>
		</AuthorizedInterface>
		<AuthorizedInterface>
			<name>InquireAffiliateEligibility</name>
		</AuthorizedInterface>
		<AuthorizedInterface>
			<name>InquireAffiliateGeneralMessages</name>
		</AuthorizedInterface>
		<AuthorizedInterface>
			<name>InquireAffiliateOrderStatus</name>
		</AuthorizedInterface>
		<AuthorizedInterface>
			<name>InquireAffiliateProductCatalog</name>
		</AuthorizedInterface>
		<AuthorizedInterface>
			<name>InquireAffiliateProductConfiguration</name>
		</AuthorizedInterface>
		<AuthorizedInterface>
			<name>InquireAffiliateProductDetails</name>
		</AuthorizedInterface>
		<AuthorizedInterface>
			<name>InquireAffiliateProductOfferingEligibility</name>
		</AuthorizedInterface>
		<AuthorizedInterface>
			<name>InquireAffiliateServiceQualification</name>
		</AuthorizedInterface>
		<AuthorizedInterface>
			<name>InquireAffiliateServiceScheduling</name>
		</AuthorizedInterface>
		<AuthorizedInterface>
			<name>InquireARRemittance</name>
		</AuthorizedInterface>
		<AuthorizedInterface>
			<name>InquireATTCreditCardOffer</name>
		</AuthorizedInterface>
		<AuthorizedInterface>
			<name>InquireATTCreditCardOfferList</name>
		</AuthorizedInterface>
		<AuthorizedInterface>
			<name>InquireAutomaticPayment</name>
			<voltageEnabledIndicator>true</voltageEnabledIndicator>
		</AuthorizedInterface>
		<AuthorizedInterface>
			<name>InquireAvailableAccessory</name>
		</AuthorizedInterface>
		<AuthorizedInterface>
			<name>InquireAvailableFiberServiceAppointments</name>
		</AuthorizedInterface>
		<AuthorizedInterface>
			<name>InquireAvailableCircuitSparePairs</name>
		</AuthorizedInterface>
		<AuthorizedInterface>
			<name>InquireAvailableDevice</name>
		</AuthorizedInterface>
		<AuthorizedInterface>
			<name>InquireAvailableFees</name>
		</AuthorizedInterface>
		<AuthorizedInterface>
			<name>InquireAvailableFiberServiceAppointments</name>
		</AuthorizedInterface>
		<AuthorizedInterface>
			<name>InquireAvailableFiberServiceCustomers</name>
		</AuthorizedInterface>
		<AuthorizedInterface>
			<name>InquireAvailableFiberServiceVOIPNumbers</name>
		</AuthorizedInterface>
		<AuthorizedInterface>
			<name>InquireAvailableItemQuantity</name>
		</AuthorizedInterface>
		<AuthorizedInterface>
			<name>InquireAvailableOfferDetails</name>
		</AuthorizedInterface>
		<AuthorizedInterface>
			<name>InquireAvailableOffers</name>
		</AuthorizedInterface>
		<AuthorizedInterface>
			<name>InquireAvailablePortInSubscriber</name>
		</AuthorizedInterface>
		<AuthorizedInterface>
			<name>InquireAvailableSatelliteServiceAppointments</name>
		</AuthorizedInterface>
		<AuthorizedInterface>
			<name>InquireAvailableSubscriberNumbers</name>
		</AuthorizedInterface>
		<AuthorizedInterface>
			<name>InquireCollectionData</name>
		</AuthorizedInterface>
		<AuthorizedInterface>
			<name>InquireCombinedBillingEligibility</name>
			<voltageEnabledIndicator>true</voltageEnabledIndicator>
		</AuthorizedInterface>
		<AuthorizedInterface>
			<name>InquireContractedConversionFee</name>
		</AuthorizedInterface>
		<AuthorizedInterface>
			<name>InquireCopayEligibility</name>
		</AuthorizedInterface>
		<AuthorizedInterface>
			<name>InquireCopaySubscriber</name>
		</AuthorizedInterface>
		<AuthorizedInterface>
			<name>InquireCopaySubscriberHistory</name>
		</AuthorizedInterface>
		<AuthorizedInterface>
			<name>InquireCPNIContactInformation</name>
		</AuthorizedInterface>
		<AuthorizedInterface>
			<name>InquireCpniPreferenceHistory</name>
		</AuthorizedInterface>
		<AuthorizedInterface>
			<name>InquireCreditCheckResult</name>
		</AuthorizedInterface>
		<AuthorizedInterface>
			<name>InquireCreditPolicyProfile</name>
		</AuthorizedInterface>
		<AuthorizedInterface>
			<name>InquireCustomerDeviceSalesData</name>
		</AuthorizedInterface>
		<AuthorizedInterface>
			<name>InquireDataAccessEligibility</name>
		</AuthorizedInterface>
		<AuthorizedInterface>
			<name>InquireDataTreatmentHistory</name>
		</AuthorizedInterface>
		<AuthorizedInterface>
			<name>InquireDepositPaymentStatus</name>
		</AuthorizedInterface>
		<AuthorizedInterface>
			<name>InquireDeviceDetails</name>
		</AuthorizedInterface>
		<AuthorizedInterface>
			<name>InquireDeviceShippingInformation</name>
		</AuthorizedInterface>
		<AuthorizedInterface>
			<name>InquireDuplicateOfferings</name>
		</AuthorizedInterface>
		<AuthorizedInterface>
			<name>InquireEquipmentOrder</name>
		</AuthorizedInterface>
		<AuthorizedInterface>
			<name>InquireEquipmentOrderInvoice</name>
		</AuthorizedInterface>
		<AuthorizedInterface>
			<name>InquireEquipmentPricing</name>
		</AuthorizedInterface>
		<AuthorizedInterface>
			<name>InquireEstimatedFulfillmentTime</name>
		</AuthorizedInterface>
		<AuthorizedInterface>
			<name>InquireExistingCustomer</name>
		</AuthorizedInterface>
		<AuthorizedInterface>
			<name>InquireFanProfile</name>
		</AuthorizedInterface>
		<AuthorizedInterface>
			<name>InquireFemtocellAddressList</name>
		</AuthorizedInterface>
		<AuthorizedInterface>
			<name>InquireFemtocellDeviceList</name>
		</AuthorizedInterface>
		<AuthorizedInterface>
			<name>InquireFemtocellEligibility</name>
		</AuthorizedInterface>
		<AuthorizedInterface>
			<name>InquireFemtocellProfile</name>
		</AuthorizedInterface>
		<AuthorizedInterface>
			<name>InquireFiberServiceAccountDetails</name>
			<!-- indicator should be set based on client voltage status-->
			<voltageEnabledIndicator>false</voltageEnabledIndicator>
		</AuthorizedInterface>
		<AuthorizedInterface>
			<name>InquireFiberServiceAssignedProductDetails</name>
		</AuthorizedInterface>
		<AuthorizedInterface>
			<name>InquireFiberServiceCircuitDetails</name>
		</AuthorizedInterface>
		<AuthorizedInterface>
			<name>InquireFiberServiceCreditVerificationQuestions</name>
		</AuthorizedInterface>
		<AuthorizedInterface>
			<name>InquireFiberServiceCrossProductPackages</name>
		</AuthorizedInterface>
		<AuthorizedInterface>
			<name>InquireFiberServiceEquipmentDetails</name>
		</AuthorizedInterface>
		<AuthorizedInterface>
			<name>InquireFiberServiceOfferEligibility</name>
		</AuthorizedInterface>
		<AuthorizedInterface>
			<name>InquireFiberServiceOrderDetail</name>
		</AuthorizedInterface>
		<AuthorizedInterface>
			<name>InquireFiberServiceOrderList</name>
		</AuthorizedInterface>
		<AuthorizedInterface>
			<name>InquireFiberServiceOrderStatus</name>
		</AuthorizedInterface>
		<AuthorizedInterface>
			<name>InquireFiberServiceProductDetails</name>
		</AuthorizedInterface>
		<AuthorizedInterface>
			<name>InquireFiberServiceQualification</name>
		</AuthorizedInterface>
		<AuthorizedInterface>
			<name>InquireFiberServiceQuotation</name>
		</AuthorizedInterface>
		<AuthorizedInterface>
			<name>InquireFiberServiceSubscriptionAccount</name>
		</AuthorizedInterface>
		<AuthorizedInterface>
			<name>InquireFiberServicePendingAdjustments</name>
		</AuthorizedInterface>
		<AuthorizedInterface>
			<name>InquireFiberServiceTNPortStatus</name>
		</AuthorizedInterface>
		<AuthorizedInterface>
			<name>InquireFiberServiceUsageDetails</name>
		</AuthorizedInterface>
		<AuthorizedInterface>
			<name>InquireFiberServiceVOIPPortEligibility</name>
		</AuthorizedInterface>
		<AuthorizedInterface>
			<name>InquireInsuranceClaimOrder</name>
		</AuthorizedInterface>
		<AuthorizedInterface>
			<name>InquireInsuranceClaimReplacementProducts</name>
		</AuthorizedInterface>
		<AuthorizedInterface>
			<name>InquireInternationalRoamingMinutes</name>
		</AuthorizedInterface>
		<AuthorizedInterface>
			<name>InquireInternationalRoamingUsageParameters</name>
		</AuthorizedInterface>
		<AuthorizedInterface>
			<name>InquireLandLinePaymentServiceFee</name>
		</AuthorizedInterface>
		<AuthorizedInterface>
			<name>InquireLastSuccessfulPayment</name>
			<voltageEnabledIndicator>true</voltageEnabledIndicator>
		</AuthorizedInterface>
		<AuthorizedInterface>
			<name>InquireMarketByZip</name>
		</AuthorizedInterface>
		<AuthorizedInterface>
			<name>InquireMarketServiceAreas</name>
		</AuthorizedInterface>
		<AuthorizedInterface>
			<name>InquireMaximumDryLoopFTNAllowed</name>
		</AuthorizedInterface>
		<AuthorizedInterface>
			<name>InquireMessagingCapabilities</name>
		</AuthorizedInterface>
		<AuthorizedInterface>
			<name>InquireNBIMigrationEligibility</name>
		</AuthorizedInterface>
		<AuthorizedInterface>
			<name>InquireOfferHistory</name>
		</AuthorizedInterface>
		<AuthorizedInterface>
			<name>InquireOfferingEligibility</name>
		</AuthorizedInterface>
		<AuthorizedInterface>
			<name>InquireOTAHistory</name>
		</AuthorizedInterface>
		<AuthorizedInterface>
			<name>InquireOTAProfile</name>
		</AuthorizedInterface>
		<AuthorizedInterface>
			<name>InquirePaymentLocationDetails</name>
		</AuthorizedInterface>
		<AuthorizedInterface>
			<name>InquirePendingPricePlan</name>
		</AuthorizedInterface>
		<AuthorizedInterface>
			<name>InquirePort</name>
		</AuthorizedInterface>
		<AuthorizedInterface>
			<name>InquirePortActivationStatus</name>
		</AuthorizedInterface>
		<AuthorizedInterface>
			<name>InquirePortEligibilityByRange</name>
		</AuthorizedInterface>
		<AuthorizedInterface>
			<name>InquirePortEligibilityBySubscriberNumber</name>
		</AuthorizedInterface>
		<AuthorizedInterface>
			<name>InquirePrepaidBalance</name>
		</AuthorizedInterface>
		<AuthorizedInterface>
			<name>InquirePrepaidFeatures</name>
		</AuthorizedInterface>
		<AuthorizedInterface>
			<name>InquirePrepaidFeaturesHistory</name>
		</AuthorizedInterface>
		<AuthorizedInterface>
			<name>InquirePrepaidPaymentEligibility</name>
		</AuthorizedInterface>
		<AuthorizedInterface>
			<name>InquirePrepaidPricePlans</name>
		</AuthorizedInterface>
		<AuthorizedInterface>
			<name>InquirePrepaidPINDetails</name>
		</AuthorizedInterface>
		<AuthorizedInterface>
			<name>InquirePrepaidSubscriberProfile</name>
		</AuthorizedInterface>
		<AuthorizedInterface>
			<name>InquirePricePlanList</name>
		</AuthorizedInterface>
		<AuthorizedInterface>
			<name>InquirePricePlans</name>
		</AuthorizedInterface>
		<AuthorizedInterface>
			<name>InquirePurchaseOrder</name>
		</AuthorizedInterface>
		<AuthorizedInterface>
			<name>InquireSatelliteServiceOrderDetails</name>
		</AuthorizedInterface>
		<AuthorizedInterface>
			<name>InquireSatelliteServiceProducts</name>
		</AuthorizedInterface>
		<AuthorizedInterface>
			<name>InquireSatelliteServiceQualification</name>
		</AuthorizedInterface>
		<AuthorizedInterface>
			<name>InquireSatelliteServiceQuotation</name>
		</AuthorizedInterface>
		<AuthorizedInterface>
			<name>InquireSbcCombinedBillingEligibility</name>
		</AuthorizedInterface>
		<AuthorizedInterface>
			<name>InquireServiceAreaByZip</name>
		</AuthorizedInterface>
		<AuthorizedInterface>
			<name>InquireServiceOrderActivationStatus</name>
		</AuthorizedInterface>
		<AuthorizedInterface>
			<name>InquireSharedGroupUpdateStatus</name>
		</AuthorizedInterface>
		<AuthorizedInterface>
			<name>InquireShippingZipBySubscriberNumber</name>
		</AuthorizedInterface>
		<AuthorizedInterface>
			<name>InquireSIMStatus</name>
		</AuthorizedInterface>
		<AuthorizedInterface>
			<name>InquireSubscriberList</name>
		</AuthorizedInterface>
		<AuthorizedInterface>
			<name>InquireSubscriberParentalControls</name>
		</AuthorizedInterface>
		<AuthorizedInterface>
			<name>InquireSubscriberPin</name>
		</AuthorizedInterface>
		<AuthorizedInterface>
			<name>InquireSubscriberProfile</name>
			<voltageEnabledIndicator>true</voltageEnabledIndicator>
		</AuthorizedInterface>
		<AuthorizedInterface>
			<name>InquireSubscriberServiceStatus</name>
		</AuthorizedInterface>
		<AuthorizedInterface>
			<name>InquireSubscriberTransactionData</name>
		</AuthorizedInterface>
		<AuthorizedInterface>
			<name>InquireSubscriptionAccountIdentifiers</name>
		</AuthorizedInterface>
		<AuthorizedInterface>
			<name>InquireWirelineSwitchProfile</name>
		</AuthorizedInterface>
		<AuthorizedInterface>
			<name>InquireSwitchTransactionStatus</name>
		</AuthorizedInterface>
		<AuthorizedInterface>
			<name>InquireUnbilledUsageDetail</name>
		</AuthorizedInterface>
		<AuthorizedInterface>
			<name>InquireUnifiedCustomerProfileByServiceLocation</name>
		</AuthorizedInterface>
		<AuthorizedInterface>
			<name>InquireUnifiedCustomerServiceProfile</name>
		</AuthorizedInterface>
		<AuthorizedInterface>
			<name>InquireUpgradeEligibility</name>
		</AuthorizedInterface>
		<AuthorizedInterface>
			<name>InquireUnifiedOrderDetails</name>
		</AuthorizedInterface>
		<AuthorizedInterface>
			<name>InquireWiFiEligibility</name>
		</AuthorizedInterface>
		<AuthorizedInterface>
			<name>InquireWirelineAccountProfile</name>
		</AuthorizedInterface>
		<AuthorizedInterface>
			<name>InquireWirelineAccountAssociations</name>
		</AuthorizedInterface>
		<AuthorizedInterface>
			<name>InquireInternetSubscriptionAccounts</name>
		</AuthorizedInterface>
		<AuthorizedInterface>
			<name>InquireWirelineBillingAccountList</name>
		</AuthorizedInterface>
		<AuthorizedInterface>
			<name>InquireWirelineCreditApplicationList</name>
		</AuthorizedInterface>
		<AuthorizedInterface>
			<name>InquireWirelineCreditVerificationQuestions</name>
		</AuthorizedInterface>
		<AuthorizedInterface>
			<name>InquireWirelineCustomerAccount</name>
		</AuthorizedInterface>
		<AuthorizedInterface>
			<name>InquireWirelineDSLandConnectTechOrderDetail</name>
		</AuthorizedInterface>
		<AuthorizedInterface>
			<name>InquireWirelineDTVOrderDetail</name>
		</AuthorizedInterface>
		<AuthorizedInterface>
			<name>InquireWirelineFiberServiceAppointments</name>
		</AuthorizedInterface>
		<AuthorizedInterface>
			<name>InquireWirelineGeneralMessages</name>
		</AuthorizedInterface>
		<AuthorizedInterface>
			<name>InquireWirelineNetworkChannelDetails</name>
		</AuthorizedInterface>
		<AuthorizedInterface>
			<name>InquireWirelineNonRecurringCharges</name>
		</AuthorizedInterface>
		<AuthorizedInterface>
			<name>InquireWirelineOpenTroubleReports</name>
		</AuthorizedInterface>
		<AuthorizedInterface>
			<name>InquireWirelineOrderDetails</name>
		</AuthorizedInterface>
		<AuthorizedInterface>
			<name>InquireWirelineOrderStatus</name>
		</AuthorizedInterface>
		<AuthorizedInterface>
			<name>InquireWirelinePaymentHistory</name>
		</AuthorizedInterface>
		<AuthorizedInterface>
			<name>InquireWirelinePaymentPlan</name>
			<voltageEnabledIndicator>true</voltageEnabledIndicator>
		</AuthorizedInterface>
		<AuthorizedInterface>
			<name>InquireWirelinePortEligibility</name>
		</AuthorizedInterface>
		<AuthorizedInterface>
			<name>InquireAvailableTelephoneNumbers</name>
		</AuthorizedInterface>
		<AuthorizedInterface>
			<name>ReserveTelephoneNumbers</name>
		</AuthorizedInterface>
		<AuthorizedInterface>
			<name>InquireWirelineProductCatalog</name>
		</AuthorizedInterface>
		<AuthorizedInterface>
			<name>InquireWirelineProductConfiguration</name>
		</AuthorizedInterface>
		<AuthorizedInterface>
			<name>InquireWirelineProductCount</name>
		</AuthorizedInterface>
		<AuthorizedInterface>
			<name>InquireWirelineProductDetails</name>
		</AuthorizedInterface>
		<AuthorizedInterface>
			<name>InquireWirelineProductsForResource</name>
		</AuthorizedInterface>
		<AuthorizedInterface>
			<name>InquireWirelineRegion</name>
		</AuthorizedInterface>
		<AuthorizedInterface>
			<name>InquireWirelineServiceQualification</name>
		</AuthorizedInterface>
		<AuthorizedInterface>
			<name>InquireWirelineServiceScheduling</name>
		</AuthorizedInterface>
		<AuthorizedInterface>
			<name>InquireWirelineQualifiedProducts</name>
		</AuthorizedInterface>
		<AuthorizedInterface>
			<name>InquireWirelineServiceOrderDetails</name>
		</AuthorizedInterface>
		<AuthorizedInterface>
			<name>InquireWirelineTelcoOrderDetail</name>
		</AuthorizedInterface>
		<AuthorizedInterface>
			<name>InquireWirelineTransportDetails</name>
		</AuthorizedInterface>
		<AuthorizedInterface>
			<name>InquireWirelineUsageDetail</name>
		</AuthorizedInterface>
		<AuthorizedInterface>
			<name>InquireWirelineWholesaleProductFamilies</name>
		</AuthorizedInterface>
		<AuthorizedInterface>
			<name>MaintainAffiliateAccountAssociation</name>
		</AuthorizedInterface>
		<AuthorizedInterface>
			<name>ManageAutomaticPayments</name>
			<voltageEnabledIndicator>true</voltageEnabledIndicator>
		</AuthorizedInterface>
		<AuthorizedInterface>
			<name>ManageCopay</name>
		</AuthorizedInterface>
		<AuthorizedInterface>
			<name>ManageSubscriberPin</name>
		</AuthorizedInterface>
		<AuthorizedInterface>
			<name>ModifySatelliteServiceOrder</name>
		</AuthorizedInterface>
		<AuthorizedInterface>
			<name>CancelSatelliteServiceOrder</name>
		</AuthorizedInterface>
		<AuthorizedInterface>
			<name>MoveSubscriber</name>
		</AuthorizedInterface>
		<AuthorizedInterface>
			<name>NotifyFemtocellAction</name>
		</AuthorizedInterface>
		<AuthorizedInterface>
			<name>OrderEquipment</name>
		</AuthorizedInterface>
		<AuthorizedInterface>
			<name>OrderEquipmentWithValidation</name>
		</AuthorizedInterface>
		<AuthorizedInterface>
			<name>OrderFiberService</name>
		</AuthorizedInterface>
		<AuthorizedInterface>
			<name>ParseUnfieldedWirelineAddress</name>
		</AuthorizedInterface>
		<AuthorizedInterface>
			<name>PortFiberServiceTelephoneNumber</name>
		</AuthorizedInterface>
		<AuthorizedInterface>
			<name>ProcessEcho</name>
		</AuthorizedInterface>
		<AuthorizedInterface>
			<name>ProcessEchoBackOffice</name>
		</AuthorizedInterface>
		<AuthorizedInterface>
			<name>ProcessEchoFrontOffice</name>
		</AuthorizedInterface>
		<AuthorizedInterface>
			<name>ProcessWirelineCPNIElection</name>
		</AuthorizedInterface>
		<AuthorizedInterface>
			<name>ProvisionAddressBookService</name>
		</AuthorizedInterface>
		<AuthorizedInterface>
			<name>ProvisionFemtocellE911Service</name>
		</AuthorizedInterface>
		<AuthorizedInterface>
			<name>ProvisionFemtocellNetwork</name>
		</AuthorizedInterface>
		<AuthorizedInterface>
			<name>ProvisionFemtocellRegistration</name>
		</AuthorizedInterface>
		<AuthorizedInterface>
			<name>PublishUnifiedCreditPolicy</name>
		</AuthorizedInterface>
		<AuthorizedInterface>
			<name>QualifyAndQuoteFiberServiceProducts</name>
		</AuthorizedInterface>
		<AuthorizedInterface>
			<name>QualifyProducts</name>
		</AuthorizedInterface>
		<AuthorizedInterface>
			<name>RegisterFemtocellService</name>
		</AuthorizedInterface>
		<AuthorizedInterface>
			<name>ReleaseAvailableFiberServiceVOIPNumbers</name>
		</AuthorizedInterface>
		<AuthorizedInterface>
			<name>ReleaseDryLoopFTN</name>
		</AuthorizedInterface>
		<AuthorizedInterface>
			<name>ReleaseSubscriberNumber</name>
		</AuthorizedInterface>
		<AuthorizedInterface>
			<name>RemoveCustomerDeviceSalesData</name>
		</AuthorizedInterface>
		<AuthorizedInterface>
			<name>ResendOTAProfile</name>
		</AuthorizedInterface>
		<AuthorizedInterface>
			<name>ReserveFiberServiceAppointments</name>
		</AuthorizedInterface>
		<AuthorizedInterface>
			<name>ReserveFiberServiceVOIPNumber</name>
		</AuthorizedInterface>
		<AuthorizedInterface>
			<name>ReserveSubscriberNumber</name>
		</AuthorizedInterface>
		<AuthorizedInterface>
			<name>ResetVoiceMailPassword</name>
		</AuthorizedInterface>
		<AuthorizedInterface>
			<name>RetrieveAbandonedFiberServiceOrder</name>
		</AuthorizedInterface>
		<AuthorizedInterface>
			<name>RetrieveFiberServiceAccount</name>
		</AuthorizedInterface>
		<AuthorizedInterface>
			<name>RetrieveFiberServiceAppointments</name>
		</AuthorizedInterface>
		<AuthorizedInterface>
			<name>RetrieveFiberServiceOrderStatus</name>
		</AuthorizedInterface>
		<AuthorizedInterface>
			<name>RetrieveFiberServiceProducts</name>
		</AuthorizedInterface>
		<AuthorizedInterface>
			<name>RetrieveOrderDetails</name>
		</AuthorizedInterface>
		<AuthorizedInterface>
			<name>RetrieveProducts</name>
		</AuthorizedInterface>
		<AuthorizedInterface>
			<name>RetrieveQuotation</name>
		</AuthorizedInterface>
		<AuthorizedInterface>
			<name>RetrieveUnifiedCreditPolicy</name>
		</AuthorizedInterface>
		<AuthorizedInterface>
			<name>ScheduleAppointments</name>
		</AuthorizedInterface>
		<AuthorizedInterface>
			<name>ScheduleSatelliteServiceInstallation</name>
		</AuthorizedInterface>
		<AuthorizedInterface>
			<name>SendAccountNotification</name>
		</AuthorizedInterface>
		<AuthorizedInterface>
			<name>SendCPNINotification</name>
		</AuthorizedInterface>
		<AuthorizedInterface>
			<name>SendEmail</name>
		</AuthorizedInterface>
		<AuthorizedInterface>
			<name>SendFanProfileNotification</name>
		</AuthorizedInterface>
		<AuthorizedInterface>
			<name>SendFiberServiceTNPortNotification</name>
		</AuthorizedInterface>
		<AuthorizedInterface>
			<name>SendFiberServiceWorkOrderNotification</name>
		</AuthorizedInterface>
		<AuthorizedInterface>
			<name>SendFiberServiceWorkOrderNotificationAsync</name>
		</AuthorizedInterface>
		<AuthorizedInterface>
			<name>SendSms</name>
		</AuthorizedInterface>
		<AuthorizedInterface>
			<name>SendSmsResponse</name>
		</AuthorizedInterface>
		<AuthorizedInterface>
			<name>SendTreatmentNotification</name>
		</AuthorizedInterface>
		<AuthorizedInterface>
			<name>SubmitATTCreditCard</name>
		</AuthorizedInterface>
		<AuthorizedInterface>
			<name>SubmitCreditCheck</name>
		</AuthorizedInterface>
		<AuthorizedInterface>
			<name>SubmitFiberServiceOrder</name>
		</AuthorizedInterface>
		<AuthorizedInterface>
			<name>SubmitFiberServiceTNAssignmentOrder</name>
		</AuthorizedInterface>
		<AuthorizedInterface>
			<name>SubmitOrder</name>
		</AuthorizedInterface>
		<AuthorizedInterface>
			<name>SubmitWalmartProxy</name>
		</AuthorizedInterface>
		<AuthorizedInterface>
			<name>SwapEquipment</name>
		</AuthorizedInterface>
		<AuthorizedInterface>
			<name>SwapFemtocellDevice</name>
		</AuthorizedInterface>
		<AuthorizedInterface>
			<name>UpdateAccountDisputeDetails</name>
		</AuthorizedInterface>
		<AuthorizedInterface>
			<name>UpdateAccountManager</name>
		</AuthorizedInterface>
		<AuthorizedInterface>
			<name>UpdateAccountProfile</name>
			<voltageEnabledIndicator>true</voltageEnabledIndicator>
		</AuthorizedInterface>
		<AuthorizedInterface>
			<name>UpdateAccountStatus</name>
		</AuthorizedInterface>
		<AuthorizedInterface>
			<name>UpdateAffiliateProductOffering</name>
		</AuthorizedInterface>
		<AuthorizedInterface>
			<name>UpdateBillMedia</name>
		</AuthorizedInterface>
		<AuthorizedInterface>
			<name>UpdateCpniPreference</name>
		</AuthorizedInterface>
		<AuthorizedInterface>
			<name>UpdateCreditPolicyProfile</name>
		</AuthorizedInterface>
		<AuthorizedInterface>
			<name>UpdateDepositPaymentStatus</name>
		</AuthorizedInterface>
		<AuthorizedInterface>
			<name>UpdateDeviceInventory</name>
		</AuthorizedInterface>
		<AuthorizedInterface>
			<name>UpdateDeviceProfile</name>
		</AuthorizedInterface>
		<AuthorizedInterface>
			<name>UpdateEwalletStatus</name>
		</AuthorizedInterface>
		<AuthorizedInterface>
			<name>InquireEwalletEventHistory</name>
		</AuthorizedInterface>
		<AuthorizedInterface>
			<name>InquireEwalletSubscriberProfile</name>
		</AuthorizedInterface>
		<AuthorizedInterface>
			<name>InquireCustomerSnapshot</name>
		</AuthorizedInterface>
		<AuthorizedInterface>
			<name>UpdateFemtocellCALEALocation</name>
		</AuthorizedInterface>
		<AuthorizedInterface>
			<name>UpdateFemtocellProfile</name>
		</AuthorizedInterface>
		<AuthorizedInterface>
			<name>UpdateFiberServiceAccount</name>
		</AuthorizedInterface>
		<AuthorizedInterface>
			<name>UpdateFiberServiceAccountDetails</name>
		</AuthorizedInterface>
		<AuthorizedInterface>
			<name>UpdateFiberServiceCreditApplication</name>
		</AuthorizedInterface>
		<AuthorizedInterface>
			<name>UpdateInternationalRoamingUsageParameters</name>
		</AuthorizedInterface>
		<AuthorizedInterface>
			<name>UpdateOfferDisposition</name>
		</AuthorizedInterface>
		<AuthorizedInterface>
			<name>UpdatePort</name>
		</AuthorizedInterface>
		<AuthorizedInterface>
			<name>UpdatePrepaidFeature</name>
		</AuthorizedInterface>
		<AuthorizedInterface>
			<name>UpdatePrepaidSubscriberProfile</name>
		</AuthorizedInterface>
		<AuthorizedInterface>
			<name>UpdateSalesOpportunityCreditCheck</name>
		</AuthorizedInterface>
		<AuthorizedInterface>
			<name>UpdateSatelliteServiceAccountAssociation</name>
		</AuthorizedInterface>
		<AuthorizedInterface>
			<name>UpdateSubscriberAddressBookIdentifier</name>
		</AuthorizedInterface>
		<AuthorizedInterface>
			<name>UpdateSubscriberProfile</name>
			<InterfaceTimeoutConfiguration>
				<minTimeout>5000</minTimeout>
				<defaultTimeout>100000</defaultTimeout>
				<maxTimeout>120000</maxTimeout>
			</InterfaceTimeoutConfiguration>
		</AuthorizedInterface>
		<AuthorizedInterface>
			<name>UpdateSubscriberStatus</name>
		</AuthorizedInterface>
		<AuthorizedInterface>
			<name>UpdateVoiceMailProfile</name>
		</AuthorizedInterface>
		<AuthorizedInterface>
			<name>UpdateWirelineAccountProfile</name>
		</AuthorizedInterface>
		<AuthorizedInterface>
			<name>UpdateWirelineCPNIPreference</name>
		</AuthorizedInterface>
		<AuthorizedInterface>
			<name>UpdateWirelineCreditApplication</name>
		</AuthorizedInterface>
		<AuthorizedInterface>
			<name>UpdateWirelineTroubleReport</name>
		</AuthorizedInterface>
		<AuthorizedInterface>
			<name>UpgradeEquipment</name>
		</AuthorizedInterface>
		<AuthorizedInterface>
			<name>UpqueryAffiliateOfferingEligibility</name>
		</AuthorizedInterface>
		<AuthorizedInterface>
			<name>ValidateAddress</name>
		</AuthorizedInterface>
		<AuthorizedInterface>
			<name>ValidateAffiliateCustomer</name>
		</AuthorizedInterface>
		<AuthorizedInterface>
			<name>ValidateAffiliateOrder</name>
		</AuthorizedInterface>
		<AuthorizedInterface>
			<name>ValidateCreditCard</name>
		</AuthorizedInterface>
		<AuthorizedInterface>
			<name>ValidateFemtocellCoverageArea</name>
		</AuthorizedInterface>
		<AuthorizedInterface>
			<name>ValidateFemtocellE911Coverage</name>
		</AuthorizedInterface>
		<AuthorizedInterface>
			<name>ValidateFemtocellEquipmentIdentifier</name>
		</AuthorizedInterface>
		<AuthorizedInterface>
			<name>ValidateFemtocellWhitelist</name>
		</AuthorizedInterface>
		<AuthorizedInterface>
			<name>ValidateFiberServiceCreditPolicy</name>
		</AuthorizedInterface>
		<AuthorizedInterface>
			<name>ValidateFiberServiceCreditVerificationAnswers</name>
		</AuthorizedInterface>
		<AuthorizedInterface>
			<name>ValidateFiberServiceFacility</name>
		</AuthorizedInterface>
		<AuthorizedInterface>
			<name>ValidateFiberServiceFacilityResponse</name>
		</AuthorizedInterface>
		<AuthorizedInterface>
			<name>ValidateFiberServiceFacilityNotification</name>
		</AuthorizedInterface>
		<AuthorizedInterface>
			<name>ValidateFiberServiceProductDetails</name>
		</AuthorizedInterface>
		<AuthorizedInterface>
			<name>ValidateSatelliteServiceProducts</name>
		</AuthorizedInterface>
		<AuthorizedInterface>
			<name>ValidateShippingPriority</name>
		</AuthorizedInterface>
		<AuthorizedInterface>
			<name>ValidateWirelineCreditVerificationAnswers</name>
		</AuthorizedInterface>
		<AuthorizedInterface>
			<name>ValidateWirelineCustomer</name>
		</AuthorizedInterface>
		<AuthorizedInterface>
			<name>ValidateWirelineOrder</name>
		</AuthorizedInterface>
		<AuthorizedInterface>
			<name>InquireWirelineFutureAvailability</name>
		</AuthorizedInterface>
		<AuthorizedInterface>
			<name>ValidateWirelinePostalAddress</name>
		</AuthorizedInterface>
		<AuthorizedInterface>
			<name>CancelMobileContent</name>
		</AuthorizedInterface>
		<AuthorizedInterface>
			<name>InquireMobileContentDetails</name>
		</AuthorizedInterface>
		<AuthorizedInterface>
			<name>UpdateFiberServiceOrder</name>
		</AuthorizedInterface>
		<AuthorizedInterface>
			<name>ExecuteUnifiedCreditCheck</name>
		</AuthorizedInterface>
		<AuthorizedInterface>
			<name>SendPaymentProductApplicationResultNotification</name>
		</AuthorizedInterface>
		<AuthorizedInterface>
			<name>ConfirmUnifiedCreditAccountDebtPayment</name>
		</AuthorizedInterface>
		<AuthorizedInterface>
			<name>InquireUnifiedCreditAccountDebtDetails</name>
		</AuthorizedInterface>
		<AuthorizedInterface>
			<name>InquireUnifiedCreditVerificationQuestions</name>
		</AuthorizedInterface>
		<AuthorizedInterface>
			<name>SubmitUnifiedCreditApplication</name>
		</AuthorizedInterface>
		<AuthorizedInterface>
			<name>UpdateUnifiedCreditApplication</name>
		</AuthorizedInterface>
		<AuthorizedInterface>
			<name>ValidateUnifiedCreditVerificationAnswers</name>
		</AuthorizedInterface>
		<AuthorizedInterface>
			<name>InquireUnifiedCreditAdverseActionLetter</name>
		</AuthorizedInterface>
		<AuthorizedInterface>
			<name>InquireUnifiedCreditPolicyDecision</name>
		</AuthorizedInterface>
		<AuthorizedInterface>
			<name>NotifyUnifiedCreditOrderSubmission</name>
		</AuthorizedInterface>
		<AuthorizedInterface>
			<name>AssignAvailableWorkOrder</name>
		</AuthorizedInterface>
		<AuthorizedInterface>
			<name>SendNetworkPathWorkOrderStatusNotification</name>
		</AuthorizedInterface>
		<AuthorizedInterface>
			<name>ProcessNetworkPathWorkOrder</name>
		</AuthorizedInterface>
		<AuthorizedInterface>
			<name>CreateCentralOfficeWorkOrder</name>
		</AuthorizedInterface>
		<AuthorizedInterface>
			<name>UpdateCentralOfficeWorkOrder</name>
		</AuthorizedInterface>
		<AuthorizedInterface>
			<name>CreateFiberServiceRepairWorkOrder</name>
		</AuthorizedInterface>
		<AuthorizedInterface>
			<name>CreateFiberServiceRepairWorkOrderAsnyc</name>
		</AuthorizedInterface>
		<AuthorizedInterface>
			<name>SendRepairWorkOrderNotification</name>
		</AuthorizedInterface>
		<AuthorizedInterface>
			<name>CancelFiberServiceRepairWorkOrder</name>
		</AuthorizedInterface>
		<AuthorizedInterface>
			<name>CancelFiberServiceRepairWorkOrderAsnyc</name>
		</AuthorizedInterface>
		<AuthorizedInterface>
			<name>InquireUnifiedCustomerLoginProfile</name>
		</AuthorizedInterface>
		<AuthorizedInterface>
			<name>InquireCustomerSubscriptionDetails</name>
		</AuthorizedInterface>
		<AuthorizedInterface>
			<name>SendCancelWorkOrderNotification</name>
		</AuthorizedInterface>
		<AuthorizedInterface>
			<name>InquireWirelineAccountLevelCSR</name>
		</AuthorizedInterface>
		<AuthorizedInterface>
			<name>InquireWirelineServiceLevelCSR</name>
		</AuthorizedInterface>
		<AuthorizedInterface>
			<name>InquireUnifiedPaymentProfile</name>
			<voltageEnabledIndicator>true</voltageEnabledIndicator>
		</AuthorizedInterface>
		<AuthorizedInterface>
			<name>UpdateCloudServiceDetails</name>
		</AuthorizedInterface>
		<AuthorizedInterface>
			<name>InquireNote</name>
		</AuthorizedInterface>
		<AuthorizedInterface>
			<name>ValidateSubscriberOfferings</name>
		</AuthorizedInterface>
		<AuthorizedInterface>
			<name>AddBundledOrderV48</name>
		</AuthorizedInterface>
		<AuthorizedInterface>
			<name>UpdateBundledAccountServicesV48</name>
		</AuthorizedInterface>
		<AuthorizedInterface>
			<name>UpdateBundledOrderV48</name>
		</AuthorizedInterface>
		<AuthorizedInterface>
			<name>ValidateBundledOrder</name>
		</AuthorizedInterface>
		<AuthorizedInterface>
			<name>InquireBundledAccountProfile</name>
		</AuthorizedInterface>
		<AuthorizedInterface>
			<name>InquireRecommendationDetails</name>
		</AuthorizedInterface>
		<AuthorizedInterface>
			<name>InquireEnterpriseEndUserPermissions</name>
		</AuthorizedInterface>
		<AuthorizedInterface>
			<name>InquireNCIMigrationEligibility</name>
		</AuthorizedInterface>
		<AuthorizedInterface>
			<name>ExecuteNCIMigration</name>
		</AuthorizedInterface>
		<AuthorizedInterface>
			<name>UpdateCommonOrder</name>
		</AuthorizedInterface>
		<AuthorizedInterface>
			<name>InquireBillCycleDetails</name>
		</AuthorizedInterface>
		<AuthorizedInterface>
			<name>InquireCommonOrderListDetails</name>
		</AuthorizedInterface>
		<AuthorizedInterface>
			<name>ValidateWirelineTroubleReportCompletion</name>
		</AuthorizedInterface>
		<AuthorizedInterface>
			<name>InquireSubscriberContractDetails</name>
		</AuthorizedInterface>
		<AuthorizedInterface>
			<name>ExecuteExternalCreditCheck</name>
		</AuthorizedInterface>
		<AuthorizedInterface>
			<name>InquireExternalApplicantKey</name>
		</AuthorizedInterface>
		<AuthorizedInterface>
			<name>UpdateExternalCreditApplication</name>
		</AuthorizedInterface>
		<AuthorizedInterface>
			<name>SendExternalCreditResultNotification</name>
		</AuthorizedInterface>
		<AuthorizedInterface>
			<name>InquireAvailableRetailStoresByLocation</name>
		</AuthorizedInterface>
		<AuthorizedInterface>
			<name>UpdateEnterpriseEndUserPermissions</name>
		</AuthorizedInterface>
		<AuthorizedInterface>
			<name>InquireSubscriberServiceEligibility</name>
		</AuthorizedInterface>
		<AuthorizedInterface>
			<name>UpdateFemtocellWhiteLists</name>
		</AuthorizedInterface>
		<AuthorizedInterface>
			<name>InquireNetworkProductCatalog</name>
		</AuthorizedInterface>
		<AuthorizedInterface>
			<name>InquireNetworkProductPriceQuote</name>
		</AuthorizedInterface>
		<AuthorizedInterface>
			<name>SubmitSLACreditClaim</name>
		</AuthorizedInterface>
		<AuthorizedInterface>
			<name>InquireSLACreditClaimStatus</name>
		</AuthorizedInterface>
		<AuthorizedInterface> 
			<name>InquireSLANetworkCreditClaimStatus</name>
		</AuthorizedInterface>
		<ServicePolicy>
					<name>WHOLESALE-CUSTOMER-IDDELETE</name>
					<value>walmartID</value>
		</ServicePolicy>
		<ServicePolicy>
					<name>WHOLESALE-CUSTOMER-NAME</name>
					<value>walmart</value>
		</ServicePolicy>
		<ServicePolicy>
					<name>WHOLESALE-CUSTOMER-RESTRICTED-STATES</name>
					<value>alaska</value>
		</ServicePolicy>
		<ServicePolicy>
			<name>BID_ID</name>
			<value>PlatinumSP</value>
		</ServicePolicy>
		<ServicePolicy>
			<name>EBM_ORGID</name>
			<value>o3hevdtz</value>
		</ServicePolicy>
		<ServicePolicy>
			<name>REMOTE-CALL</name>
			<value>true</value>
		</ServicePolicy>
		<ServicePolicy>
			<name>CALL_NUMERITRACK</name>
			<value>true</value>
		</ServicePolicy>
		<ServicePolicy>
			<name>HEARTBEAT-INTERVAL</name>
			<value>20</value>
		</ServicePolicy>
		<ServicePolicy>
			<name>AP-CALL-RSN-FOR-WLNP-TLG</name>
			<value>false</value>
		</ServicePolicy>
		<ServicePolicy>
			<name>AS-PROCESS-DISCOUNTS</name>
			<value>false</value>
		</ServicePolicy>
		<ServicePolicy>
			<name>AS-RETRY-ON-TRANSIENT-ERROR</name>
			<value>true</value>
		</ServicePolicy>
		<ServicePolicy>
			<name>AS-STORE-MARKET</name>
			<value>true</value>
		</ServicePolicy>
		<ServicePolicy>
			<name>CATALOG_TYPE</name>
			<value>WALMART Catalog</value>
		</ServicePolicy>
		<ServicePolicy>
			<!-- Should be true only for ACME -->
			<name>CHECK-FOR-MARKETLOOKUP-SOFTERROR</name>
			<value>true</value>
		</ServicePolicy>
		<ServicePolicy>
			<name>EQUIPMENT-UPGRADE-MAX-RETRY-INTERVAL</name>
			<value>0</value>
		</ServicePolicy>
		<ServicePolicy>
			<name>EQUIPMENT-UPGRADE-TRACKING-REQUIRED</name>
			<value>false</value>
		</ServicePolicy>
		<ServicePolicy>
			<name>IAL-AV-REQUIRED</name>
			<value>false</value>
		</ServicePolicy>
		<ServicePolicy>
			<name>IAP-ALLOWED-MASK-VALUES</name>
			<value>CR:TD:SL:SN:SC:DC:UD:VU:VU+PT:VU+PR:VU+PT+PR:DU:DU+PR:UE</value>
		</ServicePolicy>
		<ServicePolicy>
			<name>IAP-AV-REQUIRED</name>
			<value>false</value>
		</ServicePolicy>
		<ServicePolicy>
			<name>INFO-RESTRICT-LEVEL</name>
			<value>Unrestricted</value>
		</ServicePolicy>
		<ServicePolicy>
			<name>ISP-ALLOWED-MASK-VALUES</name>
			<value>DI:DC:UD:VU:VU+PT:VU+PR:VU+PT+PR:DU:DU+PR:UE</value>
		</ServicePolicy>
		<ServicePolicy>
			<name>IUCSP-MAX-ALLOWED-CTNS</name>
			<value>10</value>
		</ServicePolicy>
		<ServicePolicy>
			<name>IUCSP-NEW-KIT-WARRANTY-DAYS</name>
			<value>366</value>
		</ServicePolicy>
		<ServicePolicy>
			<name>IUCSP-REFURBISHED-KIT-WARRANTY-DAYS</name>
			<value>90</value>
		</ServicePolicy>
		<ServicePolicy>
			<name>IUCSP-SEED-KIT-WARRANTY-DAYS</name>
			<value>366</value>
		</ServicePolicy>
		<ServicePolicy>
			<name>IUUD-ALLOWED-MASK-VALUES</name>
			<value>VU:VU+HO:VU+RO:VU+TO:VU+AL:VU+PT:VU+PT+HO:VU+PT+RO:VU+PT+TO:VU+PT+AL:VU+PR:VU+PR+HO:VU+PR+RO:VU+PR+TO:VU+PR+AL:VU+PT+PR:VU+PT+PR+HO:VU+PT+PR+RO:VU+PT+PR+TO:VU+PT+PR+AL:DU:DU+PR</value>
		</ServicePolicy>
		<ServicePolicy>
			<name>IWPE-LSR11-ACCESS-DENIED</name>
			<value>false</value>
		</ServicePolicy>
		<ServicePolicy>
			<name>TN-REQUEST-CATEGORY</name>
			<value>MCSICVOIP</value>
		</ServicePolicy>
		<ServicePolicy>
			<name>MARKET-STATUS-LOOKUP</name>
			<value>false</value>
		</ServicePolicy>
		<ServicePolicy>
			<name>MEMO-NOTE-USER</name>
			<value>WEB</value>
		</ServicePolicy>
		<ServicePolicy>
			<name>NBI-ACCESS-DECLINED</name>
			<value>false</value>
		</ServicePolicy>
		<ServicePolicy>
			<name>PREAUTHORIZED-CREDIT-CHECK</name>
			<value>true</value>
		</ServicePolicy>
		<ServicePolicy>
			<!-- Should always be true for IST and almost always false for prod -->
			<name>RESTRICTED-TO-TEST-CALLS</name>
			<value>true</value>
		</ServicePolicy>
		<ServicePolicy>
			<name>RESELLER-TEST-DEALER-CODE</name>
			<value>IJX57</value>
		</ServicePolicy>		
		<ServicePolicy>
			<name>UPGRADE-EQUIPMENT-NEW-SALES-CHANNEL</name>
			<value>U2</value>
		</ServicePolicy>
		<ServicePolicy>
			<name>UPGRADE-EQUIPMENT-UPGRADE-SECURITY-CODE</name>
			<value>III</value>
		</ServicePolicy>
		<ServicePolicy>
			<name>USE-GENERIC-ASYNC-RESPONSE</name>
			<value>true</value>
		</ServicePolicy>
		<ServicePolicy>
			<name>USOC-INFO-DATA-SOURCE</name>
			<value>CURRENT</value>
		</ServicePolicy>
		<ServicePolicy>
			<name>VFSF-OAT-REQUIRED-MSG-LOOKUP</name>
			<value>false</value>
		</ServicePolicy>
		<ServicePolicy>
			<name>VFSF-CLIENT-REQ-TYPE</name>
			<value>Negotiation</value>
		</ServicePolicy>
		<ServicePolicy>
			<name>VFSF-CLIENT-ID</name>
			<value>BBNMS</value>
		</ServicePolicy>
		<ServicePolicy>
			<name>SMS-DESTINATION-PORT</name>
			<value>-1</value>
		</ServicePolicy>
		<ServicePolicy>
			<name>CTVCODE-SERVICE-MAINTENANCE</name>
			<value>true</value>
		</ServicePolicy>
		<ServicePolicy>
			<name>XI-APPLICATION-CONTEXT</name>
			<value>OPSS</value>
		</ServicePolicy>
		<ServicePolicy>
			<name>IN-MAX-BILLING-NOTE-QUANTITY</name>
			<value>300</value>
		</ServicePolicy>
		<ServicePolicy>
			<name>ITTH-TL-MAX-RECORDS-TO-FETCH</name>
			<value>50</value>
		</ServicePolicy>
		<ServicePolicy>
			<name>ITTH-ITH-MAX-RECORDS-TO-FETCH</name>
			<value>30</value>
		</ServicePolicy>
		<ServicePolicy>
			<name>IEEUP-SYSTEM-ID</name>
			<value>premier</value>
		</ServicePolicy>
		<ServicePolicy>
				<name>SUBSCRIPTION_CLASS</name>
				<value>S</value>
		</ServicePolicy>
 		<ServicePolicy>
                        <name>MOBILE_PAYMENTS_PARTNER_ID</name>
                        <value>S</value>
                </ServicePolicy>

		<ServicePolicy>
			<name>IUCPBYSL-GRID-CLIENT</name>
			<value>true</value>
		</ServicePolicy>
		<ServicePolicy>
			<name>APPLICATION_ID</name>
			<value>ONSTAR</value>
		</ServicePolicy>
		<ServiceProviderCredentials>
			<system>AES</system>
			<userName>NRETLTEL</userName>
			<userPassword>NRETLTEL</userPassword>
		</ServiceProviderCredentials>
		<ServiceProviderCredentials>
			<system>BOSS</system>
			<userName>testcsi</userName>
			<userPassword/>
			<CredentialPolicy>
				<name>RACFID</name>
				<value>pb1975</value>
			</CredentialPolicy>
			<CredentialPolicy>
				<name>RACFPASSWORD</name>
				<value>Light@1</value>
			</CredentialPolicy>
			<!--CredentialPolicy>
                                <name>BOSSTYPISTID</name>
                                <value>1K34</value>
                        </CredentialPolicy-->
		</ServiceProviderCredentials>
		<ServiceProviderCredentials>
			<system>BSTECSC</system>
			<userName>CSI</userName>
			<userPassword>a2p2!!b1</userPassword>
		</ServiceProviderCredentials>
		<ServiceProviderCredentials>
			<system>CAM</system>
			<userName>CSIQC</userName>
			<userPassword>CSIQC</userPassword>
			<CredentialPolicy>
				<name>AccountType</name>
				<value>S</value>
			</CredentialPolicy>
			<CredentialPolicy>
				<name>SubAccountType</name>
				<value>T</value>
			</CredentialPolicy>
			<CredentialPolicy>
				<name>WaiveActivationFee</name>
				<value>true</value>
			</CredentialPolicy>
			<CredentialPolicy>
				<name>WaiveUpgradeFee</name>
				<value>true</value>
			</CredentialPolicy>
		</ServiceProviderCredentials>
		<ServiceProviderCredentials>
			<system>CBS</system>
			<userName>ZCINGP1</userName>
			<userPassword/>
		</ServiceProviderCredentials>
		<ServiceProviderCredentials>
			<system>CPSOS</system>
			<userName>c48794</userName>
			<userPassword>7941!c48</userPassword>
		</ServiceProviderCredentials>
		<ServiceProviderCredentials>
			<system>DLC</system>
			<userName>CSIQC</userName>
			<userPassword/>
			<CredentialPolicy>
				<name>DLC_APP_ID</name>
				<value>ASURION</value>
			</CredentialPolicy>
		</ServiceProviderCredentials>
		<ServiceProviderCredentials>
			<system>GCS</system>
			<userName>CSIQC</userName>
			<userPassword/>
			<CredentialPolicy>
				<name>GCS_MERCHANT_ID</name>
				<value>001342</value>
			</CredentialPolicy>
		</ServiceProviderCredentials>
		<ServiceProviderCredentials>
			<system>InterconnectRC</system>
			<userName>csitest</userName>
			<userPassword/>
			<CredentialPolicy>
				<name>interconnectUSERID</name>
				<value>SBC001T</value>
			</CredentialPolicy>
			<CredentialPolicy>
				<name>interconnectPASSWORD</name>
				<value>GC@\u0011W4\#""6/\u001172OK</value>
			</CredentialPolicy>
			<CredentialPolicy>
				<name>interconnectLightSpeedUSERID</name>
				<value>SBC002T</value>
			</CredentialPolicy>
			<CredentialPolicy>
				<name>interconnectLightSpeedPASSWORD</name>
				<value>GAN\u0016T4\#""6/\u001072OK</value>
			</CredentialPolicy>
			<CredentialPolicy>
				<name>interconnectConsumerUSERID</name>
				<value>SBC003T</value>
			</CredentialPolicy>
			<CredentialPolicy>
				<name>interconnectConsumerPASSWORD</name>
				<value>GCC\u0017P4\#""6/\u001372OK</value>
			</CredentialPolicy>
		</ServiceProviderCredentials>
		<ServiceProviderCredentials>
			<system>LNPSOA</system>
			<userName/>
			<userPassword/>
			<CredentialPolicy>
				<name>LNPSOA_APP_ID</name>
				<value>QC</value>
			</CredentialPolicy>
			<!--CredentialPolicy>
        <name>LNPSOA_USER_ID</name>
        <value>RMBISQC</value>
         </CredentialPolicy-->
		</ServiceProviderCredentials>
		<ServiceProviderCredentials>
			<system>MRE</system>
			<userName>OPUS</userName>
			<userPassword>OPUS</userPassword>
		</ServiceProviderCredentials>
		<ServiceProviderCredentials>
			<system>NSM</system>
			<userName>ACME</userName>
			<userPassword/>
		</ServiceProviderCredentials>
		<ServiceProviderCredentials>
			<system>OrderTrack</system>
			<userName>csitest</userName>
			<userPassword/>
		</ServiceProviderCredentials>
		<ServiceProviderCredentials>
			<system>PDC</system>
			<userName>RS</userName>
			<userPassword/>
		</ServiceProviderCredentials>
		<ServiceProviderCredentials>
			<system>QPAY</system>
			<userName>CSI_FDC</userName>
			<userPassword>CSI_FDC</userPassword>
		</ServiceProviderCredentials>
		<ServiceProviderCredentials>
			<system>SWOT-LITE</system>
			<userName>cingultest</userName>
			<userPassword>j9WWuopev9</userPassword>
		</ServiceProviderCredentials>
		<ServiceProviderCredentials>
			<system>TLGAPI</system>
			<userName>rimprov1</userName>
			<userPassword>unix11</userPassword>
			<CredentialPolicy>
				<name>APP_ID</name>
				<value>TLGAPI</value>
			</CredentialPolicy>
			<CredentialPolicy>
				<name>CALLER_IND</name>
				<value>FR</value>
			</CredentialPolicy>
		</ServiceProviderCredentials>
		<ServiceProviderCredentials>
			<system>YODA</system>
			<userName>WTS</userName>
			<userPassword>CSITest</userPassword>
		</ServiceProviderCredentials>
		<ServiceProviderCredentials>
			<system>EDGE</system>
			<userName>WMS</userName>
			<userPassword>WMS</userPassword>
		</ServiceProviderCredentials>
		<AsyncCallbackConfig>
			<allowHttp>true</allowHttp>
			<RetryPolicy>
				<timeout>30000</timeout>
				<numRetries>3</numRetries>
				<delay>3000</delay>
			</RetryPolicy>
			<SSLConfig>
				<enableHostNameVerification>false</enableHostNameVerification>
				<enableTwoWaySSL>false</enableTwoWaySSL>
				<ServerCertificateDetails>
					<trustStoreLocation>/opt/app/sg_q7/tibco/jre/lib/security/cacerts</trustStoreLocation>
					<trustStorePassword>changeit</trustStorePassword>
				</ServerCertificateDetails>
				<ClientCertificateDetails>
					<keyStoreLocation>/opt/app/sg_q7/gateway_a/config/ActingAsClient.keystore</keyStoreLocation>
					<keyStorePassword>client</keyStorePassword>
				</ClientCertificateDetails>
			</SSLConfig>
		</AsyncCallbackConfig>
		<performPrepaidDeviceCheck>true</performPrepaidDeviceCheck>
	</Partner>
</PartnerProfile>
