<assembly
	xmlns="http://maven.apache.org/plugins/maven-assembly-plugin/assembly/1.1.2"
	xmlns:xsi="http://www.w3.org/2001/XMLSchema-instance"
	xsi:schemaLocation="http://maven.apache.org/plugins/maven-assembly-plugin/assembly/1.1.2 http://maven.apache.org/xsd/assembly-1.1.2.xsd">
	<id>${version}</id>
	<includeBaseDirectory>false</includeBaseDirectory>
	<formats>
		<format>zip</format>
	</formats>
	<fileSets>
		<fileSet>
			<directory>${project.basedir}/target/versioned-ajsc/routes/</directory>
			<outputDirectory>${module.ajsc.namespace.name}/${module.ajsc.namespace.version}/routes/</outputDirectory>
			<includes>
				<include>*.route</include>
			</includes>

		</fileSet>

		<fileSet>
			<directory>${project.basedir}/target/versioned-ajsc/docs/</directory>
			<outputDirectory>${module.ajsc.namespace.name}/${module.ajsc.namespace.version}/docs/</outputDirectory>
			<includes>
				<include>*.*</include>
				<!-- <include>*.vm</include>  -->
			</includes>

		</fileSet>

		<fileSet>
			<directory>${project.basedir}/target/versioned-ajsc/lib/</directory>
			<outputDirectory>${module.ajsc.namespace.name}/${module.ajsc.namespace.version}/lib/</outputDirectory>
			<includes>
				<include>*.jar</include>
			</includes>

		</fileSet>
		<fileSet>
			<directory>${project.basedir}/target/versioned-ajsc/extJars/</directory>
			<outputDirectory>${module.ajsc.namespace.name}/${module.ajsc.namespace.version}/extJars/</outputDirectory>
			<includes>
				<include>*.jar</include>
			</includes>
		</fileSet>
		
		<!-- also try to grab outputs from the "jar" plugin's package phase -->
		<fileSet>
			<directory>${project.basedir}/target/</directory>
			<outputDirectory>${module.ajsc.namespace.name}/${module.ajsc.namespace.version}/lib/</outputDirectory>
			<includes>
				<include>*.jar</include>
			</includes>
		</fileSet>

		<fileSet>
			<directory>${project.basedir}/target/versioned-ajsc/conf/</directory>
			<outputDirectory>${module.ajsc.namespace.name}/${module.ajsc.namespace.version}/conf/</outputDirectory>
			<includes>
				<include>*.*</include>
			</includes>

		</fileSet>
	</fileSets>

</assembly>

