<?xml version="1.0" encoding="UTF-8"?>
<process-application
	xmlns="http://www.camunda.org/schema/1.0/ProcessApplication" xmlns:xsi="http://www.w3.org/2001/XMLSchema-instance">
	<process-archive name="wireless-upgrade-process-archive">
		<process-engine>default</process-engine>
		<resource>bpmn/example.bpmn</resource>
		<properties>
			<property name="isDeleteUponUndeploy">false</property>
			<property name="isScanForProcessDefinitions">false</property>
			<property name="isDeployChangedOnly">true</property>
			<property name="isResumePreviousVersions">true</property>
			<property name="resumePreviousBy">deployment-name</property>
		</properties>
	</process-archive>
</process-application>
