<?xml version="1.0" encoding="UTF-8"?>
<process-application
	xmlns="http://www.camunda.org/schema/1.0/ProcessApplication" xmlns:xsi="http://www.w3.org/2001/XMLSchema-instance">

	<process-archive name="unlock-process-archive">
		<process-engine>default</process-engine>
		<resource>bpmn/UnlockParentProcess.bpmn</resource>
		<!-- <resource>bpmn/CurrentCustomerProcess.bpmn</resource>
		<resource>bpmn/FalloutManagementProcess.bpmn</resource>
		<resource>bpmn/NonAttCustomerProcess.bpmn</resource> -->
		<resource>bpmn/NotifyPostUnlockParent.bpmn</resource>
		<resource>bpmn/IDUE.bpmn</resource>
		<resource>bpmn/IDD.bpmn</resource>
		<resource>bpmn/ISH.bpmn</resource>
		<properties>
			<property name="isDeleteUponUndeploy">true</property>
			<property name="isScanForProcessDefinitions">false</property>
		</properties>
	</process-archive>

</process-application>