<?xml version="1.0" encoding="UTF-8" standalone="no"?>
<aetgt:APIConfigurations xmlns:aetgt="http://oce.att.com/OCE/Namespaces/bpel/APIConfiguration.xsd" xmlns:apis="http://oce.att.com/OCE/Namespaces/bpel/APIConfiguration.xsd" xmlns:odms="http://oce.att.com/OCE/Namespaces/Types/Private/OCEDataModelV1.0.xsd" xmlns:xsi="http://www.w3.org/2001/XMLSchema-instance" xsi:schemaLocation="../schema/APIConfiguration.xsd">
  <apis:APIConfiguration APIName="ValidateAddress">
    <apis:FaultAction CSIErrorCode="200" LoSGType="NEW, AL, ALF, UP,ACC,DEVICE" isBulk="Y">
      <apis:Status>
        <apis:Status>IN_QUEUE</apis:Status>
        <apis:SubStatus>VALIDATE_ADDRESS_TIMEOUT</apis:SubStatus>
        <apis:PathForward>REVIEW</apis:PathForward>
      </apis:Status>
    </apis:FaultAction>
    <apis:FaultAction CSIErrorCode="{ANY}" LoSGType="NEW, AL, ALF, UP,ACC,DEVICE" isBulk="Y">
      <apis:Status>
        <apis:Status>IN_QUEUE</apis:Status>
        <apis:SubStatus>VALIDATE_ADDRESS_FAIL</apis:SubStatus>
        <apis:PathForward>REVIEW</apis:PathForward>
      </apis:Status>
    </apis:FaultAction>
    <apis:FaultAction CSIErrorCode="0" LoSGType="NEW, AL, ALF, UP,ACC,DEVICE" isBulk="Y">
      <apis:Status>
        <apis:Status>SYS_PROCESSING</apis:Status>
        <apis:SubStatus>VALIDATE_ADDRESS_PASS</apis:SubStatus>
        <apis:PathForward>NEXT</apis:PathForward>
      </apis:Status>
    </apis:FaultAction>
  </apis:APIConfiguration>
  <apis:APIConfiguration APIName="SchemaValidation">
    <apis:FaultAction CSIErrorCode="200" LoSGType="NEW, AL, ALF, UP,ACC,DEVICE" isBulk="Y">
      <apis:Status>
        <apis:Status>IN_QUEUE</apis:Status>
        <apis:SubStatus>VALIDATE_ADDRESS_TIMEOUT</apis:SubStatus>
        <apis:PathForward>REVIEW</apis:PathForward>
      </apis:Status>
    </apis:FaultAction>
    <apis:FaultAction CSIErrorCode="{ANY}" LoSGType="NEW, AL, ALF, UP,ACC,DEVICE" isBulk="Y">
      <apis:Status>
        <apis:Status>IN_QUEUE</apis:Status>
        <apis:SubStatus>VALIDATE_ADDRESS_FAIL</apis:SubStatus>
        <apis:PathForward>REVIEW</apis:PathForward>
      </apis:Status>
    </apis:FaultAction>
    <apis:FaultAction CSIErrorCode="0" LoSGType="NEW, AL, ALF, UP,ACC,DEVICE" isBulk="Y">
      <apis:Status>
        <apis:Status>SYS_PROCESSING</apis:Status>
        <apis:SubStatus>BUSINESS_RULE_VALIDATION_PASS</apis:SubStatus>
        <apis:PathForward>NEXT</apis:PathForward>
      </apis:Status>
    </apis:FaultAction>
  </apis:APIConfiguration>
  <apis:APIConfiguration APIName="InquireEquipmentUpgradeCancellationEligibility">
    <apis:FaultAction CSIErrorCode="200" LoSGType="UP" isBulk="Y">
      <apis:Status>
        <apis:Status>IN_QUEUE</apis:Status>
        <apis:SubStatus>{PREV}_IEUCE_TIMEOUT</apis:SubStatus>
        <apis:PathForward>REVIEW</apis:PathForward>
      </apis:Status>
    </apis:FaultAction>
    <apis:FaultAction CSIErrorCode="{ANY}" LoSGType="UP" isBulk="Y">
      <apis:Status>
        <apis:Status>IN_QUEUE</apis:Status>
        <apis:SubStatus>{PREV}_IEUCE_FAIL</apis:SubStatus>
        <apis:PathForward>REVIEW</apis:PathForward>
      </apis:Status>
    </apis:FaultAction>
        <apis:FaultAction CSIErrorCode="0" LoSGType="UP" isBulk="Y">
      <apis:Status>
        <apis:Status>CANCELED</apis:Status>
        <apis:SubStatus>{PREV}_IEUCE_PASS</apis:SubStatus>
        <apis:PathForward>NEXT</apis:PathForward>
      </apis:Status>
    </apis:FaultAction>
  </apis:APIConfiguration>
  <apis:APIConfiguration APIName="CancelEquipmentUpgrade">
    <apis:FaultAction CSIErrorCode="200" LoSGType="UP" isBulk="Y">
      <apis:Status>
        <apis:Status>IN_QUEUE</apis:Status>
        <apis:SubStatus>{PREV}_CEU_TIMEOUT</apis:SubStatus>
        <apis:PathForward>REVIEW</apis:PathForward>
      </apis:Status>
    </apis:FaultAction>
    <apis:FaultAction CSIErrorCode="{ANY}" LoSGType="UP" isBulk="Y">
      <apis:Status>
        <apis:Status>IN_QUEUE</apis:Status>
        <apis:SubStatus>{PREV}_CEU_FAIL</apis:SubStatus>
        <apis:PathForward>REVIEW</apis:PathForward>
      </apis:Status>
    </apis:FaultAction>
        <apis:FaultAction CSIErrorCode="0" LoSGType="UP" isBulk="Y">
      <apis:Status>
        <apis:Status>CANCELED</apis:Status>
        <apis:SubStatus>{PREV}_CEU_PASS</apis:SubStatus>
        <apis:PathForward>NEXT</apis:PathForward>
      </apis:Status>
    </apis:FaultAction>
  </apis:APIConfiguration>
  <apis:APIConfiguration APIName="RetrieveContractIdentifier">
    <apis:FaultAction CSIErrorCode="200" LoSGType="NEW, AL, ALF, UP" isBulk="Y">
      <apis:Status>
        <apis:Status>IN_QUEUE</apis:Status>
        <apis:SubStatus>RETRIEVE_CONTRACT_IDENTIFIER_TIMEOUT</apis:SubStatus>
        <apis:PathForward>REVIEW</apis:PathForward>
      </apis:Status>
    </apis:FaultAction>
    <apis:FaultAction CSIErrorCode="{ANY}" LoSGType="NEW, AL, ALF, UP" isBulk="Y">
      <apis:Status>
        <apis:Status>IN_QUEUE</apis:Status>
        <apis:SubStatus>RETRIEVE_CONTRACT_IDENTIFIER_FAIL</apis:SubStatus>
        <apis:PathForward>REVIEW</apis:PathForward>
      </apis:Status>
    </apis:FaultAction>
        <apis:FaultAction CSIErrorCode="0" LoSGType="NEW, AL, ALF, UP" isBulk="Y">
      <apis:Status>
        <apis:Status>SYS_PROCESSING</apis:Status>
        <apis:SubStatus>RETRIEVE_CONTRACT_IDENTIFIER_PASS</apis:SubStatus>
        <apis:PathForward>NEXT</apis:PathForward>
      </apis:Status>
    </apis:FaultAction>
  </apis:APIConfiguration>
  <apis:APIConfiguration APIName="UpdateAccountProfile">
    <apis:FaultAction CSIErrorCode="200" LoSGType="AL, ALF, UP" isBulk="Y">
      <apis:Status>
        <apis:Status>IN_QUEUE</apis:Status>
        <apis:SubStatus>UPDATE_ACCOUNT_PROFILE_TIMEOUT</apis:SubStatus>
        <apis:PathForward>REVIEW</apis:PathForward>
      </apis:Status>
    </apis:FaultAction>
    <apis:FaultAction CSIErrorCode="{ANY}" LoSGType="AL, ALF, UP" isBulk="Y">
      <apis:Status>
        <apis:Status>IN_QUEUE</apis:Status>
        <apis:SubStatus>UPDATE_ACCOUNT_PROFILE_FAIL</apis:SubStatus>
        <apis:PathForward>REVIEW</apis:PathForward>
      </apis:Status>
    </apis:FaultAction>
        <apis:FaultAction CSIErrorCode="0" LoSGType="AL, ALF, UP" isBulk="Y">
      <apis:Status>
        <apis:Status>SYS_PROCESSING</apis:Status>
        <apis:SubStatus>UPDATE_ACCOUNT_PROFILE_PASS</apis:SubStatus>
        <apis:PathForward>NEXT</apis:PathForward>
      </apis:Status>
    </apis:FaultAction>
  </apis:APIConfiguration>
  <apis:APIConfiguration APIName="InquireIncompatibleOffering">
    <apis:FaultAction CSIErrorCode="200" LoSGType="UP" isBulk="Y">
      <apis:Status>
        <apis:Status>SYS_PROCESSING</apis:Status>
        <apis:SubStatus>INQUIRE_INCOMPATIBLE_OFFERING_TIMEOUT_IGNORE</apis:SubStatus>
        <apis:PathForward>NEXT</apis:PathForward>
      </apis:Status>
    </apis:FaultAction>
    <apis:FaultAction CSIErrorCode="{ANY}" LoSGType="UP" isBulk="Y">
      <apis:Status>
        <apis:Status>SYS_PROCESSING</apis:Status>
        <apis:SubStatus>INQUIRE_INCOMPATIBLE_OFFERING_FAIL_IGNORE</apis:SubStatus>
        <apis:PathForward>NEXT</apis:PathForward>
      </apis:Status>
    </apis:FaultAction>
        <apis:FaultAction CSIErrorCode="0" LoSGType="UP" isBulk="Y">
      <apis:Status>
        <apis:Status>SYS_PROCESSING</apis:Status>
        <apis:SubStatus>INQUIRE_INCOMPATIBLE_OFFERING_PASS</apis:SubStatus>
        <apis:PathForward>NEXT</apis:PathForward>
      </apis:Status>
    </apis:FaultAction>
  </apis:APIConfiguration>
  <apis:APIConfiguration APIName="UpdateSubscriberProfile">
    <apis:FaultAction CSIErrorCode="200" LoSGType="AL,ALF,UP" isBulk="Y">
      <apis:Status>
        <apis:Status>IN_QUEUE</apis:Status>
        <apis:SubStatus>UPDATE_SUBSCRIBER_PROFILE_TIMEOUT</apis:SubStatus>
        <apis:PathForward>REVIEW</apis:PathForward>
      </apis:Status>
    </apis:FaultAction>
    <apis:FaultAction CSIErrorCode="{ANY}" LoSGType="AL,ALF,UP" isBulk="Y">
      <apis:Status>
        <apis:Status>IN_QUEUE</apis:Status>
        <apis:SubStatus>UPDATE_SUBSCRIBER_PROFILE_FAIL</apis:SubStatus>
        <apis:PathForward>REVIEW</apis:PathForward>
      </apis:Status>
    </apis:FaultAction>
        <apis:FaultAction CSIErrorCode="0" LoSGType="AL,ALF,UP" isBulk="Y">
      <apis:Status>
        <apis:Status>SYS_PROCESSING</apis:Status>
        <apis:SubStatus>UPDATE_SUBSCRIBER_PROFILE_PASS</apis:SubStatus>
        <apis:PathForward>NEXT</apis:PathForward>
      </apis:Status>
    </apis:FaultAction>
  </apis:APIConfiguration>
  <apis:APIConfiguration APIName="InquireSubscriberProfileForUSP">
    <apis:FaultAction CSIErrorCode="200" LoSGType="AL,ALF,UP" isBulk="Y">
      <apis:Status>
        <apis:Status>SYS_PROCESSING</apis:Status>
        <apis:SubStatus>INQUIRE_SUBSCRIBER_PROFILE_TIMEOUT_IGNORE</apis:SubStatus>
        <apis:PathForward>NEXT</apis:PathForward>
      </apis:Status>
    </apis:FaultAction>
    <apis:FaultAction CSIErrorCode="{ANY}" LoSGType="AL,ALF,UP" isBulk="Y">
      <apis:Status>
        <apis:Status>SYS_PROCESSING</apis:Status>
        <apis:SubStatus>INQUIRE _SUBSCRIBER_PROFILE_FAIL_IGNORE</apis:SubStatus>
        <apis:PathForward>NEXT</apis:PathForward>
      </apis:Status>
    </apis:FaultAction>
        <apis:FaultAction CSIErrorCode="0" LoSGType="AL,ALF,UP" isBulk="Y">
      <apis:Status>
        <apis:Status>SYS_PROCESSING</apis:Status>
        <apis:SubStatus>INQUIRE _SUBSCRIBER_PROFILE_PASS</apis:SubStatus>
        <apis:PathForward>NEXT</apis:PathForward>
      </apis:Status>
    </apis:FaultAction>
  </apis:APIConfiguration>
  <apis:APIConfiguration APIName="UpdateSharedDataGroupProfile">
    <apis:FaultAction CSIErrorCode="200" LoSGType="AL,ALF,UP" isBulk="Y">
      <apis:Status>
        <apis:Status>IN_QUEUE</apis:Status>
        <apis:SubStatus>UPDATE_SHARE_DATA_GROUP _TIMEOUT</apis:SubStatus>
        <apis:PathForward>REVIEW</apis:PathForward>
      </apis:Status>
    </apis:FaultAction>
    <apis:FaultAction CSIErrorCode="{ANY}" LoSGType="AL,ALF,UP" isBulk="Y">
      <apis:Status>
        <apis:Status>IN_QUEUE</apis:Status>
        <apis:SubStatus>UPDATE_SHARE_DATA_GROUP _FAIL</apis:SubStatus>
        <apis:PathForward>REVIEW</apis:PathForward>
      </apis:Status>
    </apis:FaultAction>
        <apis:FaultAction CSIErrorCode="0" LoSGType="AL,ALF,UP" isBulk="Y">
      <apis:Status>
        <apis:Status>SYS_PROCESSING</apis:Status>
        <apis:SubStatus>UPDATE_SHARE_DATA_GROUP_PASS</apis:SubStatus>
        <apis:PathForward>NEXT</apis:PathForward>
      </apis:Status>
    </apis:FaultAction>
  </apis:APIConfiguration>
  <apis:APIConfiguration APIName="UpgradeEquipment">
    <apis:FaultAction CSIErrorCode="200" LoSGType="UP" isBulk="Y">
      <apis:Status>
        <apis:Status>SYS_PROCESSING</apis:Status>
        <apis:SubStatus>UPGRADE_EQUIPMENT_TIMEOUT_IGNORE</apis:SubStatus>
        <apis:PathForward>NEXT</apis:PathForward>
      </apis:Status>
    </apis:FaultAction>
    <apis:FaultAction CSIErrorCode="500" LoSGType="UP" isBulk="Y">
      <apis:Status>
        <apis:Status>IN_QUEUE</apis:Status>
        <apis:SubStatus>UPGRADE_EQUIPMENT_FAIL</apis:SubStatus>
        <apis:PathForward>REVIEW</apis:PathForward>
      </apis:Status>
    </apis:FaultAction>
    <apis:FaultAction CSIErrorCode="500" LoSGType="UP" isBulk="Y">
      <apis:Status>
        <apis:Status>IN_QUEUE</apis:Status>
        <apis:SubStatus>OUTSTANDING_BALANCE</apis:SubStatus>
        <apis:PathForward>REVIEW</apis:PathForward>
      </apis:Status>
    </apis:FaultAction>
    <apis:FaultAction CSIErrorCode="{ANY}" LoSGType="UP" isBulk="Y">
      <apis:Status>
        <apis:Status>SYS_PROCESSING</apis:Status>
        <apis:SubStatus>UPGRADE_EQUIPMENT_FAIL_IGNORE</apis:SubStatus>
        <apis:PathForward>NEXT</apis:PathForward>
      </apis:Status>
    </apis:FaultAction>
        <apis:FaultAction CSIErrorCode="0" LoSGType="UP" isBulk="Y">
      <apis:Status>
        <apis:Status>SYS_PROCESSING</apis:Status>
        <apis:SubStatus>UPGRADE_EQUIPMENT_PASS</apis:SubStatus>
        <apis:PathForward>NEXT</apis:PathForward>
      </apis:Status>
    </apis:FaultAction>
  </apis:APIConfiguration>
  <apis:APIConfiguration APIName="UpgradeEquipmentContractFree">
    <apis:FaultAction CSIErrorCode="200" LoSGType="UP" isBulk="Y">
      <apis:Status>
        <apis:Status>SYS_PROCESSING</apis:Status>
        <apis:SubStatus>UPGRADE_EQUIPMENT_SIM_PARKING_TIMEOUT_IGNORE</apis:SubStatus>
        <apis:PathForward>NEXT</apis:PathForward>
      </apis:Status>
    </apis:FaultAction>
    <apis:FaultAction CSIErrorCode="500" LoSGType="UP" isBulk="Y">
      <apis:Status>
        <apis:Status>IN_QUEUE</apis:Status>
        <apis:SubStatus>UPGRADE_EQUIPMENT_FAIL</apis:SubStatus>
        <apis:PathForward>REVIEW</apis:PathForward>
      </apis:Status>
    </apis:FaultAction>
    <apis:FaultAction CSIErrorCode="500" LoSGType="UP" isBulk="Y">
      <apis:Status>
        <apis:Status>IN_QUEUE</apis:Status>
        <apis:SubStatus>OUTSTANDING_BALANCE</apis:SubStatus>
        <apis:PathForward>REVIEW</apis:PathForward>
      </apis:Status>
    </apis:FaultAction>
    <apis:FaultAction CSIErrorCode="{ANY}" LoSGType="UP" isBulk="Y">
      <apis:Status>
        <apis:Status>SYS_PROCESSING</apis:Status>
        <apis:SubStatus>UPGRADE_EQUIPMENT_SIM_PARKING_FAIL_IGNORE</apis:SubStatus>
        <apis:PathForward>NEXT</apis:PathForward>
      </apis:Status>
    </apis:FaultAction>
        <apis:FaultAction CSIErrorCode="0" LoSGType="UP" isBulk="Y">
      <apis:Status>
        <apis:Status>SYS_PROCESSING</apis:Status>
        <apis:SubStatus>UPGRADE_EQUIPMENT_SIM_PARKING_PASS</apis:SubStatus>
        <apis:PathForward>NEXT</apis:PathForward>
      </apis:Status>
    </apis:FaultAction>
  </apis:APIConfiguration>
  <apis:APIConfiguration APIName="AddNote">
    <apis:FaultAction CSIErrorCode="200" LoSGType="NEW, AL, ALF, UP" isBulk="Y">
      <apis:Status>
        <apis:Status>SYS_PROCESSING</apis:Status>
        <apis:SubStatus>ADD_NOTES_TIMEOUT_IGNORE</apis:SubStatus>
        <apis:PathForward>NEXT</apis:PathForward>
      </apis:Status>
    </apis:FaultAction>
    <apis:FaultAction CSIErrorCode="{ANY}" LoSGType="NEW, AL, ALF, UP" isBulk="Y">
      <apis:Status>
        <apis:Status>SYS_PROCESSING</apis:Status>
        <apis:SubStatus>ADD_NOTES_FAIL_IGNORE</apis:SubStatus>
        <apis:PathForward>NEXT</apis:PathForward>
      </apis:Status>
    </apis:FaultAction>
        <apis:FaultAction CSIErrorCode="0" LoSGType="NEW, AL, ALF, UP" isBulk="Y">
      <apis:Status>
        <apis:Status>SYS_PROCESSING</apis:Status>
        <apis:SubStatus>ADD_NOTES_PASS</apis:SubStatus>
        <apis:PathForward>NEXT</apis:PathForward>
      </apis:Status>
    </apis:FaultAction>
  </apis:APIConfiguration>
  <apis:APIConfiguration APIName="OrderEquipment">
    <apis:FaultAction CSIErrorCode="200" LoSGType="NEW, AL, ALF, UP,ACC,DEVICE" isBulk="Y">
      <apis:Status>
        <apis:Status>IN_QUEUE</apis:Status>
        <apis:SubStatus>ORDER_EQUIPMENT_TIMEOUT</apis:SubStatus>
        <apis:PathForward>REVIEW</apis:PathForward>
      </apis:Status>
    </apis:FaultAction>
    <apis:FaultAction CSIErrorCode="225" LoSGType="NEW, AL, ALF, UP,ACC,DEVICE" isBulk="Y">
      <apis:Status>
        <apis:Status>IN_QUEUE</apis:Status>
        <apis:SubStatus>CREDIT_CARD_DECLINED</apis:SubStatus>
        <apis:PathForward>REVIEW</apis:PathForward>
      </apis:Status>
    </apis:FaultAction>
    <apis:FaultAction CSIErrorCode="{ANY}" LoSGType="NEW, AL, ALF, UP,ACC,DEVICE" isBulk="Y">
      <apis:Status>
        <apis:Status>IN_QUEUE</apis:Status>
        <apis:SubStatus>ORDER_EQUIPMENT_FAIL</apis:SubStatus>
        <apis:PathForward>REVIEW</apis:PathForward>
      </apis:Status>
    </apis:FaultAction>
        <apis:FaultAction CSIErrorCode="0" LoSGType="NEW, AL, ALF, UP,ACC,DEVICE" isBulk="Y">
      <apis:Status>
        <apis:Status>SUBMITTED</apis:Status>
        <apis:SubStatus>ORDER_EQUIPMENT_PASS</apis:SubStatus>
        <apis:PathForward>REVIEW</apis:PathForward>
      </apis:Status>
    </apis:FaultAction>
  </apis:APIConfiguration>
  <apis:APIConfiguration APIName="InquireCommmonOrderListDetails">
    <apis:FaultAction CSIErrorCode="200" LoSGType="NEW, AL, ALF, UP,ACC,DEVICE" isBulk="Y">
      <apis:Status>
        <apis:Status>IN_QUEUE</apis:Status>
        <apis:SubStatus>INQUIRE_COMMON_ORDER_TIMEOUT</apis:SubStatus>
        <apis:PathForward>REVIEW</apis:PathForward>
      </apis:Status>
    </apis:FaultAction>
    <apis:FaultAction CSIErrorCode="{ANY}" LoSGType="NEW, AL, ALF, UP,ACC,DEVICE" isBulk="Y">
      <apis:Status>
        <apis:Status>IN_QUEUE</apis:Status>
        <apis:SubStatus>INQUIRE_COMMON_ORDER_VALIDATION_FAIL</apis:SubStatus>
        <apis:PathForward>REVIEW</apis:PathForward>
      </apis:Status>
    </apis:FaultAction>
        <apis:FaultAction CSIErrorCode="0" LoSGType="NEW, AL, ALF, UP,ACC,DEVICE" isBulk="Y">
      <apis:Status>
        <apis:Status>SYS_PROCESSING</apis:Status>
        <apis:SubStatus>INQUIRE_COMMON_ORDER_VALIDATION_PASS</apis:SubStatus>
        <apis:PathForward>NEXT</apis:PathForward>
      </apis:Status>
    </apis:FaultAction>
  </apis:APIConfiguration>
  <apis:APIConfiguration APIName="UpdateCommonOrder">
    <apis:FaultAction CSIErrorCode="200" LoSGType="NEW, AL, ALF, UP,ACC,DEVICE" isBulk="Y">
      <apis:Status>
        <apis:Status>IN_QUEUE</apis:Status>
        <apis:SubStatus>UPDATE_COMMON_ORDER_TIMEOUT</apis:SubStatus>
        <apis:PathForward>REVIEW</apis:PathForward>
      </apis:Status>
    </apis:FaultAction>
    <apis:FaultAction CSIErrorCode="{ANY}" LoSGType="NEW, AL, ALF, UP,ACC,DEVICE" isBulk="Y">
      <apis:Status>
        <apis:Status>IN_QUEUE</apis:Status>
        <apis:SubStatus>UPDATE_COMMON_ORDER_FAIL</apis:SubStatus>
        <apis:PathForward>REVIEW</apis:PathForward>
      </apis:Status>
    </apis:FaultAction>
        <apis:FaultAction CSIErrorCode="0" LoSGType="NEW, AL, ALF, UP,ACC,DEVICE" isBulk="Y">
      <apis:Status>
        <apis:Status>SYS_PROCESSING</apis:Status>
        <apis:SubStatus>UPDATE_COMMON_ORDER_PASS</apis:SubStatus>
        <apis:PathForward>NEXT</apis:PathForward>
      </apis:Status>
    </apis:FaultAction>
  </apis:APIConfiguration>
  <apis:APIConfiguration APIName="UpdateCommonOrderStatus">
    <apis:FaultAction CSIErrorCode="200" LoSGType="NEW, AL, ALF, UP,ACC,DEVICE" isBulk="Y">
      <apis:Status>
        <apis:Status>IN_QUEUE</apis:Status>
        <apis:SubStatus>UPDATE_COMMON_ORDER_STATUS_TIMEOUT</apis:SubStatus>
        <apis:PathForward>REVIEW</apis:PathForward>
      </apis:Status>
    </apis:FaultAction>
    <apis:FaultAction CSIErrorCode="{ANY}" LoSGType="NEW, AL, ALF, UP,ACC,DEVICE" isBulk="Y">
      <apis:Status>
        <apis:Status>IN_QUEUE</apis:Status>
        <apis:SubStatus>UPDATE_COMMON_ORDER_STATUS_FAIL</apis:SubStatus>
        <apis:PathForward>REVIEW</apis:PathForward>
      </apis:Status>
    </apis:FaultAction>
        <apis:FaultAction CSIErrorCode="0" LoSGType="NEW, AL, ALF, UP,ACC,DEVICE" isBulk="Y">
      <apis:Status>
        <apis:Status>SUBMITTED</apis:Status>
        <apis:SubStatus>UPDATE_COMMON_ORDER_STATUS_PASS</apis:SubStatus>
        <apis:PathForward>NEXT</apis:PathForward>
      </apis:Status>
    </apis:FaultAction>
  </apis:APIConfiguration>
  <apis:APIConfiguration APIName="InquirePortEligibilityBySubscriberNumber">
    <apis:FaultAction CSIErrorCode="200" LoSGType="NEW, AL, ALF" isBulk="Y">
      <apis:Status>
        <apis:Status>IN_QUEUE</apis:Status>
        <apis:SubStatus>INQUIRE_PORT_ELIGIBILITY_TIMEOUT</apis:SubStatus>
        <apis:PathForward>REVIEW</apis:PathForward>
      </apis:Status>
    </apis:FaultAction>
    <apis:FaultAction CSIErrorCode="{ANY}" LoSGType="NEW, AL, ALF" isBulk="Y">
      <apis:Status>
        <apis:Status>IN_QUEUE</apis:Status>
        <apis:SubStatus>INQUIRE_PORT_ELIGIBILITY_FAIL</apis:SubStatus>
        <apis:PathForward>REVIEW</apis:PathForward>
      </apis:Status>
    </apis:FaultAction>
        <apis:FaultAction CSIErrorCode="0" LoSGType="NEW, AL, ALF" isBulk="Y">
      <apis:Status>
        <apis:Status>SUBMITTED</apis:Status>
        <apis:SubStatus>INQUIRE_PORT_ELIGIBILITY_PASS</apis:SubStatus>
        <apis:PathForward>NEXT</apis:PathForward>
      </apis:Status>
    </apis:FaultAction>
  </apis:APIConfiguration>
  <apis:APIConfiguration APIName="AddAccount">
    <apis:FaultAction CSIErrorCode="200" LoSGType="NEW" isBulk="Y">
      <apis:Status>
        <apis:Status>IN_QUEUE</apis:Status>
        <apis:SubStatus>ADD_ACCOUNT_TIMEOUT</apis:SubStatus>
        <apis:PathForward>REVIEW</apis:PathForward>
      </apis:Status>
    </apis:FaultAction>
    <apis:FaultAction CSIErrorCode="{ANY}" LoSGType="NEW" isBulk="Y">
      <apis:Status>
        <apis:Status>IN_QUEUE</apis:Status>
        <apis:SubStatus>ADD_ACCOUNT_FAIL</apis:SubStatus>
        <apis:PathForward>REVIEW</apis:PathForward>
      </apis:Status>
    </apis:FaultAction>
	<apis:FaultAction CSIErrorCode="0" LoSGType="NEW" isBulk="Y">
      <apis:Status>
        <apis:Status>SYS_PROCESSING</apis:Status>
        <apis:SubStatus>ADD_ACCOUNT_PASS</apis:SubStatus>
        <apis:PathForward>NEXT</apis:PathForward>
      </apis:Status>
    </apis:FaultAction>
  </apis:APIConfiguration>
  <apis:APIConfiguration APIName="AddConvergeBundledAccount">
    <apis:FaultAction CSIErrorCode="200" LoSGType="NEW" isBulk="Y">
      <apis:Status>
        <apis:Status>IN_QUEUE</apis:Status>
        <apis:SubStatus>ADD_CONVERGE_BUNDLED_ACCOUNT_TIMEOUT</apis:SubStatus>
        <apis:PathForward>REVIEW</apis:PathForward>
      </apis:Status>
    </apis:FaultAction>
    <apis:FaultAction CSIErrorCode="{ANY}" LoSGType="NEW" isBulk="Y">
      <apis:Status>
        <apis:Status>IN_QUEUE</apis:Status>
        <apis:SubStatus>ADD_CONVERGE_BUNDLED_ACCOUNT_FAIL</apis:SubStatus>
        <apis:PathForward>REVIEW</apis:PathForward>
      </apis:Status>
    </apis:FaultAction>
        <apis:FaultAction CSIErrorCode="0" LoSGType="NEW" isBulk="Y">
      <apis:Status>
        <apis:Status>SYS_PROCESSING</apis:Status>
        <apis:SubStatus>ADD_CONVERGE_BUNDLED_ACCOUNT_PASS</apis:SubStatus>
        <apis:PathForward>REVIEW</apis:PathForward>
      </apis:Status>
    </apis:FaultAction>
  </apis:APIConfiguration>
  <apis:APIConfiguration APIName="AddPort">
    <apis:FaultAction CSIErrorCode="200" LoSGType="NEW, AL, ALF" isBulk="Y">
      <apis:Status>
        <apis:Status>IN_QUEUE</apis:Status>
        <apis:SubStatus>ADD_PORT_TIMEOUT</apis:SubStatus>
        <apis:PathForward>REVIEW</apis:PathForward>
      </apis:Status>
    </apis:FaultAction>
    <apis:FaultAction CSIErrorCode="{ANY}" LoSGType="NEW, AL, ALF" isBulk="Y">
      <apis:Status>
        <apis:Status>IN_QUEUE</apis:Status>
        <apis:SubStatus>ADD_PORT_FAIL</apis:SubStatus>
        <apis:PathForward>REVIEW</apis:PathForward>
      </apis:Status>
    </apis:FaultAction>
        <apis:FaultAction CSIErrorCode="0" LoSGType="NEW, AL, ALF" isBulk="Y">
      <apis:Status>
        <apis:Status>SYS_PROCESSING</apis:Status>
        <apis:SubStatus>ADD_PORT_PASS</apis:SubStatus>
        <apis:PathForward>NEXT</apis:PathForward>
      </apis:Status>
    </apis:FaultAction>
  </apis:APIConfiguration>
  <apis:APIConfiguration APIName="ReserveSubscriberNumber">
    <apis:FaultAction CSIErrorCode="200" LoSGType="NEW, AL, ALF" isBulk="Y">
      <apis:Status>
        <apis:Status>IN_QUEUE</apis:Status>
        <apis:SubStatus>RESERVE_SUBSCRIBER_NUMBER_TIMEOUT</apis:SubStatus>
        <apis:PathForward>REVIEW</apis:PathForward>
      </apis:Status>
    </apis:FaultAction>
    <apis:FaultAction CSIErrorCode="{ANY}" LoSGType="NEW, AL, ALF" isBulk="Y">
      <apis:Status>
        <apis:Status>IN_QUEUE</apis:Status>
        <apis:SubStatus>RESERVE_SUBSCRIBER_NUMBER_FAIL</apis:SubStatus>
        <apis:PathForward>REVIEW</apis:PathForward>
      </apis:Status>
    </apis:FaultAction>
        <apis:FaultAction CSIErrorCode="0" LoSGType="NEW, AL, ALF" isBulk="Y">
      <apis:Status>
        <apis:Status>SYS_PROCESSING</apis:Status>
        <apis:SubStatus>RESERVE_SUBSCRIBER_NUMBER_PASS</apis:SubStatus>
        <apis:PathForward>NEXT</apis:PathForward>
      </apis:Status>
    </apis:FaultAction>
  </apis:APIConfiguration>
  <apis:APIConfiguration APIName="ReserveContractIdentifier">
    <apis:FaultAction CSIErrorCode="200" LoSGType="NEW, AL, ALF" isBulk="Y">
      <apis:Status>
        <apis:Status>IN_QUEUE</apis:Status>
        <apis:SubStatus>RESERVE_CONTRACT_IDENTIFIER_TIMEOUT</apis:SubStatus>
        <apis:PathForward>REVIEW</apis:PathForward>
      </apis:Status>
    </apis:FaultAction>
    <apis:FaultAction CSIErrorCode="-15" LoSGType="NEW, AL, ALF" isBulk="Y">
      <apis:Status>
        <apis:Status>IN_QUEUE</apis:Status>
        <apis:SubStatus>EXCEEDED_LEASE_LIMIT</apis:SubStatus>
        <apis:PathForward>REVIEW</apis:PathForward>
      </apis:Status>
    </apis:FaultAction>
    <apis:FaultAction CSIErrorCode="{ANY}" LoSGType="NEW, AL, ALF" isBulk="Y">
      <apis:Status>
        <apis:Status>IN_QUEUE</apis:Status>
        <apis:SubStatus>RESERVE_CONTRACT_IDENTIFIER_FAIL</apis:SubStatus>
        <apis:PathForward>REVIEW</apis:PathForward>
      </apis:Status>
    </apis:FaultAction>
        <apis:FaultAction CSIErrorCode="0" LoSGType="NEW, AL, ALF" isBulk="Y">
      <apis:Status>
        <apis:Status>SYS_PROCESSING</apis:Status>
        <apis:SubStatus>RESERVE_CONTRACT_IDENTIFIER_PASS</apis:SubStatus>
        <apis:PathForward>NEXT</apis:PathForward>
      </apis:Status>
    </apis:FaultAction>
  </apis:APIConfiguration>
  <apis:APIConfiguration APIName="AddWirelinePayment">
    <apis:FaultAction CSIErrorCode="200" LoSGType="NEW, AL, ALF" isBulk="Y">
      <apis:Status>
        <apis:Status>IN_QUEUE</apis:Status>
        <apis:SubStatus>ADD_WIRELINE_PAYMENT_TIMEOUT</apis:SubStatus>
        <apis:PathForward>REVIEW</apis:PathForward>
      </apis:Status>
    </apis:FaultAction>
    <apis:FaultAction CSIErrorCode="{ANY}" LoSGType="NEW, AL, ALF" isBulk="Y">
      <apis:Status>
        <apis:Status>IN_QUEUE</apis:Status>
        <apis:SubStatus>ADD_WIRELINE_PAYMENT_FAIL</apis:SubStatus>
        <apis:PathForward>REVIEW</apis:PathForward>
      </apis:Status>
    </apis:FaultAction>
        <apis:FaultAction CSIErrorCode="0" LoSGType="NEW, AL, ALF" isBulk="Y">
      <apis:Status>
        <apis:Status>SYS_PROCESSING</apis:Status>
        <apis:SubStatus>ADD_WIRELINE_PAYMENT_PASS</apis:SubStatus>
        <apis:PathForward>NEXT</apis:PathForward>
      </apis:Status>
    </apis:FaultAction>
  </apis:APIConfiguration>
  <apis:APIConfiguration APIName="ActivateSubscriberByIMEIType">
    <apis:FaultAction CSIErrorCode="200" LoSGType="NEW, AL, ALF" isBulk="Y">
      <apis:Status>
        <apis:Status>SYS_PROCESSING</apis:Status>
        <apis:SubStatus>ACTIVATE_SUBSCRIBER_TIMEOUT_IGNORE</apis:SubStatus>
        <apis:PathForward>NEXT</apis:PathForward>
      </apis:Status>
    </apis:FaultAction>
    <apis:FaultAction CSIErrorCode="-15" LoSGType="NEW, AL, ALF" isBulk="Y">
      <apis:Status>
        <apis:Status>IN_QUEUE</apis:Status>
        <apis:SubStatus>EXCEEDED_LEASE_LIMIT</apis:SubStatus>
        <apis:PathForward>REVIEW</apis:PathForward>
      </apis:Status>
    </apis:FaultAction>
    <apis:FaultAction CSIErrorCode="{ANY}" LoSGType="NEW, AL, ALF" isBulk="Y">
      <apis:Status>
        <apis:Status>SYS_PROCESSING</apis:Status>
        <apis:SubStatus>ACTIVATE_SUBSCRIBER_FAIL_IGNORE</apis:SubStatus>
        <apis:PathForward>NEXT</apis:PathForward>
      </apis:Status>
    </apis:FaultAction>
        <apis:FaultAction CSIErrorCode="0" LoSGType="NEW, AL, ALF" isBulk="Y">
      <apis:Status>
        <apis:Status>SYS_PROCESSING</apis:Status>
        <apis:SubStatus>ACTIVATE_SUBSCRIBER_PASS</apis:SubStatus>
        <apis:PathForward>NEXT</apis:PathForward>
      </apis:Status>
    </apis:FaultAction>
  </apis:APIConfiguration>
  <apis:APIConfiguration APIName="InquireSubscriberProfileForASByIMEIType">
    <apis:FaultAction CSIErrorCode="200" LoSGType="NEW, AL, ALF" isBulk="Y">
      <apis:Status>
        <apis:Status>SYS_PROCESSING</apis:Status>
        <apis:SubStatus>INQUIRE_SUBSCRIBER_PROFILE_TIMEOUT_IGNORE</apis:SubStatus>
        <apis:PathForward>NEXT</apis:PathForward>
      </apis:Status>
    </apis:FaultAction>
    <apis:FaultAction CSIErrorCode="{ANY}" LoSGType="NEW, AL, ALF" isBulk="Y">
      <apis:Status>
        <apis:Status>SYS_PROCESSING</apis:Status>
        <apis:SubStatus>INQUIRE_SUBSCRIBER_PROFILE_FAIL_IGNORE</apis:SubStatus>
        <apis:PathForward>NEXT</apis:PathForward>
      </apis:Status>
    </apis:FaultAction>
  </apis:APIConfiguration>
  <apis:APIConfiguration APIName="AddFiberServiceAccount">
    <apis:FaultAction CSIErrorCode="200" LoSGType="NEW" isBulk="Y">
      <apis:Status>
        <apis:Status>IN_QUEUE</apis:Status>
        <apis:SubStatus>ADD_FIBER_SERVICE_ACCOUNT_TIMEOUT</apis:SubStatus>
        <apis:PathForward>REVIEW</apis:PathForward>
      </apis:Status>
    </apis:FaultAction>
    <apis:FaultAction CSIErrorCode="{ANY}" LoSGType="NEW" isBulk="Y">
      <apis:Status>
        <apis:Status>IN_QUEUE</apis:Status>
        <apis:SubStatus>ADD_FIBER_SERVICE_ACCOUNT_FAIL</apis:SubStatus>
        <apis:PathForward>REVIEW</apis:PathForward>
      </apis:Status>
    </apis:FaultAction>
        <apis:FaultAction CSIErrorCode="0" LoSGType="NEW" isBulk="Y">
      <apis:Status>
        <apis:Status>SYS_PROCESSING</apis:Status>
        <apis:SubStatus>ADD_FIBER_SERVICE_ACCOUNT_PASS</apis:SubStatus>
        <apis:PathForward>NEXT</apis:PathForward>
      </apis:Status>
    </apis:FaultAction>
  </apis:APIConfiguration>
  <apis:APIConfiguration APIName="ActivateSubscriberByIMEI">
    <apis:FaultAction CSIErrorCode="200" LoSGType="NEW, AL, ALF" isBulk="Y">
      <apis:Status>
        <apis:Status>IN_QUEUE</apis:Status>
        <apis:SubStatus>ACTIVATE_SUBSCRIBER_TIMEOUT</apis:SubStatus>
        <apis:PathForward>REVIEW</apis:PathForward>
      </apis:Status>
    </apis:FaultAction>
    <apis:FaultAction CSIErrorCode="-15" LoSGType="NEW, AL, ALF" isBulk="Y">
      <apis:Status>
        <apis:Status>SHIPPED</apis:Status>
        <apis:SubStatus>ACTIVATE_SUBSCRIBER_FAIL</apis:SubStatus>  
        <apis:PathForward>REVIEW</apis:PathForward>      
      </apis:Status>
    </apis:FaultAction>
    <apis:FaultAction CSIErrorCode="{ANY}" LoSGType="NEW, AL, ALF" isBulk="Y">
      <apis:Status>
        <apis:Status>IN_QUEUE</apis:Status>
        <apis:SubStatus>ACTIVATE_SUBSCRIBER_FAIL</apis:SubStatus>
        <apis:PathForward>REVIEW</apis:PathForward>
      </apis:Status>
    </apis:FaultAction>
        <apis:FaultAction CSIErrorCode="0" LoSGType="NEW, AL, ALF" isBulk="Y">
      <apis:Status>
        <apis:Status>SYS_PROCESSING</apis:Status>
        <apis:SubStatus>ACTIVATE_SUBSCRIBER_PASS</apis:SubStatus>
        <apis:PathForward>NEXT</apis:PathForward>
      </apis:Status>
    </apis:FaultAction>
  </apis:APIConfiguration>
  <apis:APIConfiguration APIName="InquireSubscriberProfileForASByIMEI">
    <apis:FaultAction CSIErrorCode="200" LoSGType="NEW, AL, ALF" isBulk="Y">
      <apis:Status>
        <apis:Status>IN_QUEUE</apis:Status>
        <apis:SubStatus>INQUIRE_SUBSCRIBER_PROFILE_TIMEOUT</apis:SubStatus>
        <apis:PathForward>REVIEW</apis:PathForward>
      </apis:Status>
    </apis:FaultAction>
    <apis:FaultAction CSIErrorCode="{ANY}" LoSGType="NEW, AL, ALF" isBulk="Y">
      <apis:Status>
        <apis:Status>IN_QUEUE</apis:Status>
        <apis:SubStatus>INQUIRE_SUBSCRIBER_PROFILE_FAIL</apis:SubStatus>
        <apis:PathForward>REVIEW</apis:PathForward>
      </apis:Status>
    </apis:FaultAction>
        <apis:FaultAction CSIErrorCode="0" LoSGType="NEW, AL, ALF" isBulk="Y">
      <apis:Status>
        <apis:Status>SYS_PROCESSING</apis:Status>
        <apis:SubStatus>INQUIRE_SUBSCRIBER_PROFILE_PASS</apis:SubStatus>
        <apis:PathForward>NEXT</apis:PathForward>
      </apis:Status>
    </apis:FaultAction>
  </apis:APIConfiguration>
  <apis:APIConfiguration APIName="ExecuteCreditCheck">
    <apis:FaultAction CSIErrorCode="200" LoSGType="AL, ALF" isBulk="Y">
      <apis:Status>
        <apis:Status>IN_QUEUE</apis:Status>
        <apis:SubStatus>EXECUTE_CREDIT_CHECK_TIMEOUT</apis:SubStatus>
        <apis:PathForward>REVIEW</apis:PathForward>
      </apis:Status>
    </apis:FaultAction>
    <apis:FaultAction CSIErrorCode="{ANY}" LoSGType="AL, ALF" isBulk="Y">
      <apis:Status>
        <apis:Status>IN_QUEUE</apis:Status>
        <apis:SubStatus>EXECUTE_CREDIT_CHECK_FAIL</apis:SubStatus>
        <apis:PathForward>REVIEW</apis:PathForward>
      </apis:Status>
    </apis:FaultAction>
        <apis:FaultAction CSIErrorCode="0" LoSGType="AL, ALF" isBulk="Y">
      <apis:Status>
        <apis:Status>SYS_PROCESSING</apis:Status>
        <apis:SubStatus>EXECUTE_CREDIT_CHECK_PASS</apis:SubStatus>
        <apis:PathForward>NEXT</apis:PathForward>
      </apis:Status>
    </apis:FaultAction>
  </apis:APIConfiguration>
  <apis:APIConfiguration APIName="InquirePortDF">
    <apis:FaultAction CSIErrorCode="200" LoSGType="AL, ALF" isBulk="Y">
      <apis:Status>
        <apis:Status>IN_QUEUE</apis:Status>
        <apis:SubStatus>INQUIRE_PORT_TIMEOUT</apis:SubStatus>
        <apis:PathForward>REVIEW</apis:PathForward>
      </apis:Status>
    </apis:FaultAction>
    <apis:FaultAction CSIErrorCode="{ANY}" LoSGType="AL, ALF" isBulk="Y">
      <apis:Status>
        <apis:Status>IN_QUEUE</apis:Status>
        <apis:SubStatus>INQUIRE_PORT_FAIL</apis:SubStatus>
        <apis:PathForward>REVIEW</apis:PathForward>
      </apis:Status>
    </apis:FaultAction>
      <apis:FaultAction CSIErrorCode="0" LoSGType="AL, ALF" isBulk="Y">
      <apis:Status>
        <apis:Status>SYS_PROCESSING</apis:Status>
        <apis:SubStatus>INQUIRE_PORT_PASS</apis:SubStatus>
        <apis:PathForward>NEXT</apis:PathForward>
      </apis:Status>
    </apis:FaultAction>
  </apis:APIConfiguration>
  <apis:APIConfiguration APIName="InquirePortC2S">
    <apis:FaultAction CSIErrorCode="200" LoSGType="AL, ALF" isBulk="Y">
      <apis:Status>
        <apis:Status>SYS_PROCESSING</apis:Status>
        <apis:SubStatus>INQUIRE_PORT_TIMEOUT_IGNORE</apis:SubStatus>
        <apis:PathForward>REVIEW</apis:PathForward>
      </apis:Status>
    </apis:FaultAction>
    <apis:FaultAction CSIErrorCode="{ANY}" LoSGType="AL, ALF" isBulk="Y">
      <apis:Status>
        <apis:Status>SYS_PROCESSING</apis:Status>
        <apis:SubStatus>INQUIRE_PORT_FAIL_IGNORE</apis:SubStatus>
        <apis:PathForward>NEXT</apis:PathForward>
      </apis:Status>
    </apis:FaultAction>
          <apis:FaultAction CSIErrorCode="0" LoSGType="AL, ALF" isBulk="Y">
      <apis:Status>
        <apis:Status>SYS_PROCESSING</apis:Status>
        <apis:SubStatus>INQUIRE_PORT_PASS</apis:SubStatus>
        <apis:PathForward>NEXT</apis:PathForward>
      </apis:Status>
    </apis:FaultAction>
  </apis:APIConfiguration>
  <apis:APIConfiguration APIName="ValidateAddress">
    <apis:FaultAction CSIErrorCode="200" LoSGType="NEW, AL, ALF, UP,ACC,DEVICE" isBulk="N">
      <apis:Status>
        <apis:Status>SYS_PROCESSING</apis:Status>
        <apis:SubStatus>VALIDATE_ADDRESS_TIMEOUT_IGNORE</apis:SubStatus>
        <apis:PathForward>NEXT</apis:PathForward>
      </apis:Status>
    </apis:FaultAction>
    <apis:FaultAction CSIErrorCode="{ANY}" LoSGType="NEW, AL, ALF, UP,ACC,DEVICE" isBulk="N">
      <apis:Status>
        <apis:Status>SYS_PROCESSING</apis:Status>
        <apis:SubStatus>VALIDATE_ADDRESS_FAIL_IGNORE</apis:SubStatus>
        <apis:PathForward>NEXT</apis:PathForward>
      </apis:Status>
    </apis:FaultAction>
        <apis:FaultAction CSIErrorCode="0" LoSGType="NEW, AL, ALF, UP,ACC,DEVICE" isBulk="N">
      <apis:Status>
        <apis:Status>SYS_PROCESSING</apis:Status>
        <apis:SubStatus>VALIDATE_ADDRESS_PASS</apis:SubStatus>
        <apis:PathForward>NEXT</apis:PathForward>
      </apis:Status>
    </apis:FaultAction>
  </apis:APIConfiguration>
  <apis:APIConfiguration APIName="InquireEquipmentUpgradeCancellationEligibility">
    <apis:FaultAction CSIErrorCode="200" LoSGType="UP" isBulk="N">
      <apis:Status>
        <apis:Status>IN_QUEUE</apis:Status>
        <apis:SubStatus>{PREV}_IEUCE_TIMEOUT</apis:SubStatus>
        <apis:PathForward>REVIEW</apis:PathForward>
      </apis:Status>
    </apis:FaultAction>
    <apis:FaultAction CSIErrorCode="{ANY}" LoSGType="UP" isBulk="N">
      <apis:Status>
        <apis:Status>IN_QUEUE</apis:Status>
        <apis:SubStatus>{PREV}_IEUCE_FAIL</apis:SubStatus>
        <apis:PathForward>REVIEW</apis:PathForward>
      </apis:Status>
    </apis:FaultAction>
        <apis:FaultAction CSIErrorCode="0" LoSGType="UP" isBulk="N">
      <apis:Status>
        <apis:Status>CANCELED</apis:Status>
        <apis:SubStatus>{PREV}_IEUCE_PASS</apis:SubStatus>
        <apis:PathForward>NEXT</apis:PathForward>
      </apis:Status>
    </apis:FaultAction>
  </apis:APIConfiguration>
  <apis:APIConfiguration APIName="CancelEquipmentUpgrade">
    <apis:FaultAction CSIErrorCode="200" LoSGType="UP" isBulk="N">
      <apis:Status>
        <apis:Status>IN_QUEUE</apis:Status>
        <apis:SubStatus>{PREV}_CEU_TIMEOUT</apis:SubStatus>
        <apis:PathForward>REVIEW</apis:PathForward>
      </apis:Status>
    </apis:FaultAction>
    <apis:FaultAction CSIErrorCode="{ANY}" LoSGType="UP" isBulk="N">
      <apis:Status>
        <apis:Status>IN_QUEUE</apis:Status>
        <apis:SubStatus>{PREV}_CEU_FAIL</apis:SubStatus>
        <apis:PathForward>REVIEW</apis:PathForward>
      </apis:Status>
    </apis:FaultAction>
        <apis:FaultAction CSIErrorCode="0" LoSGType="UP" isBulk="N">
      <apis:Status>
        <apis:Status>CANCELED</apis:Status>
        <apis:SubStatus>{PREV}_CEU_PASS</apis:SubStatus>
        <apis:PathForward>NEXT</apis:PathForward>
      </apis:Status>
    </apis:FaultAction>
  </apis:APIConfiguration>
  <apis:APIConfiguration APIName="RetrieveContractIdentifier">
    <apis:FaultAction CSIErrorCode="200" LoSGType="NEW, AL, ALF, UP" isBulk="N">
      <apis:Status>
        <apis:Status>IN_QUEUE</apis:Status>
        <apis:SubStatus>RETRIEVE_CONTRACT_IDENTIFIER_TIMEOUT</apis:SubStatus>
        <apis:PathForward>REVIEW</apis:PathForward>
      </apis:Status>
    </apis:FaultAction>
    <apis:FaultAction CSIErrorCode="{ANY}" LoSGType="NEW, AL, ALF, UP" isBulk="N">
      <apis:Status>
        <apis:Status>IN_QUEUE</apis:Status>
        <apis:SubStatus>RETRIEVE_CONTRACT_IDENTIFIER_FAIL</apis:SubStatus>
        <apis:PathForward>REVIEW</apis:PathForward>
      </apis:Status>
    </apis:FaultAction>
        <apis:FaultAction CSIErrorCode="0" LoSGType="NEW, AL, ALF, UP" isBulk="N">
      <apis:Status>
        <apis:Status>SYS_PROCESSING</apis:Status>
        <apis:SubStatus>RETRIEVE_CONTRACT_IDENTIFIER_PASS</apis:SubStatus>
        <apis:PathForward>NEXT</apis:PathForward>
      </apis:Status>
    </apis:FaultAction>
  </apis:APIConfiguration>
  <apis:APIConfiguration APIName="UpdateAccountProfile">
    <apis:FaultAction CSIErrorCode="200" LoSGType="AL, ALF, UP" isBulk="N">
      <apis:Status>
        <apis:Status>IN_QUEUE</apis:Status>
        <apis:SubStatus>UPDATE_ACCOUNT_PROFILE_TIMEOUT</apis:SubStatus>
        <apis:PathForward>REVIEW</apis:PathForward>
      </apis:Status>
    </apis:FaultAction>
    <apis:FaultAction CSIErrorCode="{ANY}" LoSGType="AL, ALF, UP" isBulk="N">
      <apis:Status>
        <apis:Status>IN_QUEUE</apis:Status>
        <apis:SubStatus>UPDATE_ACCOUNT_PROFILE_FAIL</apis:SubStatus>
        <apis:PathForward>REVIEW</apis:PathForward>
      </apis:Status>
    </apis:FaultAction>
        <apis:FaultAction CSIErrorCode="0" LoSGType="AL, ALF, UP" isBulk="N">
      <apis:Status>
        <apis:Status>SYS_PROCESSING</apis:Status>
        <apis:SubStatus>UPDATE_ACCOUNT_PROFILE_PASS</apis:SubStatus>
        <apis:PathForward>NEXT</apis:PathForward>
      </apis:Status>
    </apis:FaultAction>
  </apis:APIConfiguration>
  <apis:APIConfiguration APIName="InquireIncompatibleOffering">
    <apis:FaultAction CSIErrorCode="200" LoSGType="UP" isBulk="N">
      <apis:Status>
        <apis:Status>SYS_PROCESSING</apis:Status>
        <apis:SubStatus>INQUIRE_INCOMPATIBLE_OFFERING_TIMEOUT_IGNORE</apis:SubStatus>
        <apis:PathForward>NEXT</apis:PathForward>
      </apis:Status>
    </apis:FaultAction>
    <apis:FaultAction CSIErrorCode="{ANY}" LoSGType="UP" isBulk="N">
      <apis:Status>
        <apis:Status>SYS_PROCESSING</apis:Status>
        <apis:SubStatus>INQUIRE_INCOMPATIBLE_OFFERING_FAIL_IGNORE</apis:SubStatus>
        <apis:PathForward>NEXT</apis:PathForward>
      </apis:Status>
    </apis:FaultAction>
        <apis:FaultAction CSIErrorCode="0" LoSGType="UP" isBulk="N">
      <apis:Status>
        <apis:Status>SYS_PROCESSING</apis:Status>
        <apis:SubStatus>INQUIRE_INCOMPATIBLE_OFFERING_PASS</apis:SubStatus>
        <apis:PathForward>NEXT</apis:PathForward>
      </apis:Status>
    </apis:FaultAction>
  </apis:APIConfiguration>
  <apis:APIConfiguration APIName="UpdateSubscriberProfile">
    <apis:FaultAction CSIErrorCode="200" LoSGType="AL,ALF,UP" isBulk="N">
      <apis:Status>
        <apis:Status>IN_QUEUE</apis:Status>
        <apis:SubStatus>UPDATE_SUBSCRIBER_PROFILE_TIMEOUT</apis:SubStatus>
        <apis:PathForward>REVIEW</apis:PathForward>
      </apis:Status>
    </apis:FaultAction>
    <apis:FaultAction CSIErrorCode="{ANY}" LoSGType="AL,ALF,UP" isBulk="N">
      <apis:Status>
        <apis:Status>IN_QUEUE</apis:Status>
        <apis:SubStatus>UPDATE_SUBSCRIBER_PROFILE_FAIL</apis:SubStatus>
        <apis:PathForward>REVIEW</apis:PathForward>
      </apis:Status>
    </apis:FaultAction>
        <apis:FaultAction CSIErrorCode="0" LoSGType="AL,ALF,UP" isBulk="N">
      <apis:Status>
        <apis:Status>SYS_PROCESSING</apis:Status>
        <apis:SubStatus>UPDATE_SUBSCRIBER_PROFILE_PASS</apis:SubStatus>
        <apis:PathForward>NEXT</apis:PathForward>
      </apis:Status>
    </apis:FaultAction>
  </apis:APIConfiguration>
  <apis:APIConfiguration APIName="InquireSubscriberProfileForUSP">
    <apis:FaultAction CSIErrorCode="200" LoSGType="AL,ALF,UP" isBulk="N">
      <apis:Status>
        <apis:Status>SYS_PROCESSING</apis:Status>
        <apis:SubStatus>INQUIRE_SUBSCRIBER_PROFILE_TIMEOUT_IGNORE</apis:SubStatus>
        <apis:PathForward>NEXT</apis:PathForward>
      </apis:Status>
    </apis:FaultAction>
    <apis:FaultAction CSIErrorCode="{ANY}" LoSGType="AL,ALF,UP" isBulk="N">
      <apis:Status>
        <apis:Status>SYS_PROCESSING</apis:Status>
        <apis:SubStatus>INQUIRE _SUBSCRIBER_PROFILE _FAIL_IGNORE</apis:SubStatus>
        <apis:PathForward>NEXT</apis:PathForward>
      </apis:Status>
    </apis:FaultAction>
        <apis:FaultAction CSIErrorCode="0" LoSGType="AL,ALF,UP" isBulk="N">
      <apis:Status>
        <apis:Status>SYS_PROCESSING</apis:Status>
        <apis:SubStatus>INQUIRE _SUBSCRIBER_PROFILE_PASS</apis:SubStatus>
        <apis:PathForward>NEXT</apis:PathForward>
      </apis:Status>
    </apis:FaultAction>
  </apis:APIConfiguration>
  <apis:APIConfiguration APIName="UpdateSharedDataGroupProfile">
    <apis:FaultAction CSIErrorCode="200" LoSGType="AL,ALF,UP" isBulk="N">
      <apis:Status>
        <apis:Status>IN_QUEUE</apis:Status>
        <apis:SubStatus>UPDATE_SHARE_DATA_GROUP _TIMEOUT</apis:SubStatus>
        <apis:PathForward>REVIEW</apis:PathForward>
      </apis:Status>
    </apis:FaultAction>
    <apis:FaultAction CSIErrorCode="{ANY}" LoSGType="AL,ALF,UP" isBulk="N">
      <apis:Status>
        <apis:Status>IN_QUEUE</apis:Status>
        <apis:SubStatus>UPDATE_SHARE_DATA_GROUP _FAIL</apis:SubStatus>
        <apis:PathForward>REVIEW</apis:PathForward>
      </apis:Status>
    </apis:FaultAction>
        <apis:FaultAction CSIErrorCode="0" LoSGType="AL,ALF,UP" isBulk="N">
      <apis:Status>
        <apis:Status>SYS_PROCESSING</apis:Status>
        <apis:SubStatus>UPDATE_SHARE_DATA_GROUP_PASS</apis:SubStatus>
        <apis:PathForward>NEXT</apis:PathForward>
      </apis:Status>
    </apis:FaultAction>
  </apis:APIConfiguration>
  <apis:APIConfiguration APIName="UpgradeEquipment">
    <apis:FaultAction CSIErrorCode="200" LoSGType="UP" isBulk="N">
      <apis:Status>
        <apis:Status>SYS_PROCESSING</apis:Status>
        <apis:SubStatus>UPGRADE_EQUIPMENT_TIMEOUT_IGNORE</apis:SubStatus>
        <apis:PathForward>NEXT</apis:PathForward>
      </apis:Status>
    </apis:FaultAction>
    <apis:FaultAction CSIErrorCode="500" LoSGType="UP" isBulk="N">
      <apis:Status>
        <apis:Status>IN_QUEUE</apis:Status>
        <apis:SubStatus>UPGRADE_EQUIPMENT_FAIL</apis:SubStatus>
        <apis:PathForward>REVIEW</apis:PathForward>
      </apis:Status>
    </apis:FaultAction>
    <apis:FaultAction CSIErrorCode="500" LoSGType="UP" isBulk="N">
      <apis:Status>
        <apis:Status>PENDING</apis:Status>
        <apis:SubStatus>OUTSTANDING_BALANCE</apis:SubStatus>
        <apis:PathForward>REVIEW</apis:PathForward>
      </apis:Status>
    </apis:FaultAction>
    <apis:FaultAction CSIErrorCode="{ANY}" LoSGType="UP" isBulk="N">
      <apis:Status>
        <apis:Status>SYS_PROCESSING</apis:Status>
        <apis:SubStatus>UPGRADE_EQUIPMENT_FAIL_IGNORE</apis:SubStatus>
        <apis:PathForward>NEXT</apis:PathForward>
      </apis:Status>
    </apis:FaultAction>
        <apis:FaultAction CSIErrorCode="0" LoSGType="UP" isBulk="N">
      <apis:Status>
        <apis:Status>SYS_PROCESSING</apis:Status>
        <apis:SubStatus>UPGRADE_EQUIPMENT_PASS</apis:SubStatus>
        <apis:PathForward>NEXT</apis:PathForward>
      </apis:Status>
    </apis:FaultAction>
  </apis:APIConfiguration>
  <apis:APIConfiguration APIName="UpgradeEquipmentContractFree">
    <apis:FaultAction CSIErrorCode="200" LoSGType="UP" isBulk="N">
      <apis:Status>
        <apis:Status>SYS_PROCESSING</apis:Status>
        <apis:SubStatus>UPGRADE_EQUIPMENT_SIM_PARKING_TIMEOUT_IGNORE</apis:SubStatus>
        <apis:PathForward>NEXT</apis:PathForward>
      </apis:Status>
    </apis:FaultAction>
    <apis:FaultAction CSIErrorCode="500" LoSGType="UP" isBulk="N">
      <apis:Status>
        <apis:Status>IN_QUEUE</apis:Status>
        <apis:SubStatus>UPGRADE_EQUIPMENT_FAIL</apis:SubStatus>
        <apis:PathForward>REVIEW</apis:PathForward>
      </apis:Status>
    </apis:FaultAction>
    <apis:FaultAction CSIErrorCode="500" LoSGType="UP" isBulk="N">
      <apis:Status>
        <apis:Status>PENDING</apis:Status>
        <apis:SubStatus>OUTSTANDING_BALANCE</apis:SubStatus>
        <apis:PathForward>REVIEW</apis:PathForward>
      </apis:Status>
    </apis:FaultAction>
    <apis:FaultAction CSIErrorCode="{ANY}" LoSGType="UP" isBulk="N">
      <apis:Status>
        <apis:Status>SYS_PROCESSING</apis:Status>
        <apis:SubStatus>UPGRADE_EQUIPMENT_SIM_PARKING_FAIL_IGNORE</apis:SubStatus>
        <apis:PathForward>REVIEW</apis:PathForward>
      </apis:Status>
    </apis:FaultAction>
        <apis:FaultAction CSIErrorCode="0" LoSGType="UP" isBulk="N">
      <apis:Status>
        <apis:Status>SYS_PROCESSING</apis:Status>
        <apis:SubStatus>UPGRADE_EQUIPMENT_SIM_PARKING_PASS</apis:SubStatus>
        <apis:PathForward>NEXT</apis:PathForward>
      </apis:Status>
    </apis:FaultAction>
  </apis:APIConfiguration>
  <apis:APIConfiguration APIName="AddNote">
    <apis:FaultAction CSIErrorCode="200" LoSGType="NEW, AL, ALF, UP" isBulk="N">
      <apis:Status>
        <apis:Status>SYS_PROCESSING</apis:Status>
        <apis:SubStatus>ADD_NOTES_TIMEOUT_IGNORE</apis:SubStatus>
        <apis:PathForward>REVIEW</apis:PathForward>
      </apis:Status>
    </apis:FaultAction>
    <apis:FaultAction CSIErrorCode="{ANY}" LoSGType="NEW, AL, ALF, UP" isBulk="N">
      <apis:Status>
        <apis:Status>SYS_PROCESSING</apis:Status>
        <apis:SubStatus>ADD_NOTES_FAIL_IGNORE</apis:SubStatus>
        <apis:PathForward>REVIEW</apis:PathForward>
      </apis:Status>
    </apis:FaultAction>
        <apis:FaultAction CSIErrorCode="0" LoSGType="NEW, AL, ALF, UP" isBulk="N">
      <apis:Status>
        <apis:Status>SYS_PROCESSING</apis:Status>
        <apis:SubStatus>ADD_NOTES_PASS</apis:SubStatus>
        <apis:PathForward>NEXT</apis:PathForward>
      </apis:Status>
    </apis:FaultAction>
  </apis:APIConfiguration>
  <apis:APIConfiguration APIName="OrderEquipment">
    <apis:FaultAction CSIErrorCode="200" LoSGType="NEW, AL, ALF, UP,ACC,DEVICE" isBulk="N">
      <apis:Status>
        <apis:Status>IN_QUEUE</apis:Status>
        <apis:SubStatus>ORDER_EQUIPMENT_TIMEOUT</apis:SubStatus>
        <apis:PathForward>REVIEW</apis:PathForward>
      </apis:Status>
    </apis:FaultAction>
    <apis:FaultAction CSIErrorCode="225" LoSGType="NEW, AL, ALF, UP,ACC,DEVICE" isBulk="N">
      <apis:Status>
        <apis:Status>PENDING</apis:Status>
        <apis:SubStatus>CREDIT_CARD_DECLINED</apis:SubStatus>
        <apis:PathForward>REVIEW</apis:PathForward>
      </apis:Status>
    </apis:FaultAction>
    <apis:FaultAction CSIErrorCode="{ANY}" LoSGType="NEW, AL, ALF, UP,ACC,DEVICE" isBulk="N">
      <apis:Status>
        <apis:Status>IN_QUEUE</apis:Status>
        <apis:SubStatus>ORDER_EQUIPMENT_FAIL</apis:SubStatus>
        <apis:PathForward>REVIEW</apis:PathForward>
      </apis:Status>
    </apis:FaultAction>
        <apis:FaultAction CSIErrorCode="0" LoSGType="NEW, AL, ALF, UP,ACC,DEVICE" isBulk="N">
      <apis:Status>
        <apis:Status>SUBMITTED</apis:Status>
        <apis:SubStatus>ORDER_EQUIPMENT_PASS</apis:SubStatus>
        <apis:PathForward>NEXT</apis:PathForward>
      </apis:Status>
    </apis:FaultAction>
  </apis:APIConfiguration>
  <apis:APIConfiguration APIName="InquireCommmonOrderListDetails">
    <apis:FaultAction CSIErrorCode="200" LoSGType="NEW, AL, ALF, UP,ACC,DEVICE" isBulk="N">
      <apis:Status>
        <apis:Status>IN_QUEUE</apis:Status>
        <apis:SubStatus>INQUIRE_COMMON_ORDER_TIMEOUT</apis:SubStatus>
        <apis:PathForward>REVIEW</apis:PathForward>
      </apis:Status>
    </apis:FaultAction>
    <apis:FaultAction CSIErrorCode="{ANY}" LoSGType="NEW, AL, ALF, UP,ACC,DEVICE" isBulk="N">
      <apis:Status>
        <apis:Status>IN_QUEUE</apis:Status>
        <apis:SubStatus>INQUIRE_COMMON_ORDER_VALIDATION_FAIL</apis:SubStatus>
        <apis:PathForward>REVIEW</apis:PathForward>
      </apis:Status>
    </apis:FaultAction>
        <apis:FaultAction CSIErrorCode="0" LoSGType="NEW, AL, ALF, UP,ACC,DEVICE" isBulk="N">
      <apis:Status>
        <apis:Status>SYS_PROCESSING</apis:Status>
        <apis:SubStatus>INQUIRE_COMMON_ORDER_VALIDATION_PASS</apis:SubStatus>
        <apis:PathForward>NEXT</apis:PathForward>
      </apis:Status>
    </apis:FaultAction>
  </apis:APIConfiguration>
  <apis:APIConfiguration APIName="UpdateCommonOrder">
    <apis:FaultAction CSIErrorCode="200" LoSGType="NEW, AL, ALF, UP,ACC,DEVICE" isBulk="N">
      <apis:Status>
        <apis:Status>IN_QUEUE</apis:Status>
        <apis:SubStatus>UPDATE_COMMON_ORDER_TIMEOUT</apis:SubStatus>
        <apis:PathForward>REVIEW</apis:PathForward>
      </apis:Status>
    </apis:FaultAction>
    <apis:FaultAction CSIErrorCode="{ANY}" LoSGType="NEW, AL, ALF, UP,ACC,DEVICE" isBulk="N">
      <apis:Status>
        <apis:Status>IN_QUEUE</apis:Status>
        <apis:SubStatus>UPDATE_COMMON_ORDER_FAIL</apis:SubStatus>
        <apis:PathForward>REVIEW</apis:PathForward>
      </apis:Status>
    </apis:FaultAction>
        <apis:FaultAction CSIErrorCode="0" LoSGType="NEW, AL, ALF, UP,ACC,DEVICE" isBulk="N">
      <apis:Status>
        <apis:Status>SYS_PROCESSING</apis:Status>
        <apis:SubStatus>UPDATE_COMMON_ORDER_PASS</apis:SubStatus>
        <apis:PathForward>NEXT</apis:PathForward>
      </apis:Status>
    </apis:FaultAction>
  </apis:APIConfiguration>
  <apis:APIConfiguration APIName="UpdateCommonOrderStatus">
    <apis:FaultAction CSIErrorCode="200" LoSGType="NEW, AL, ALF, UP,ACC,DEVICE" isBulk="N">
      <apis:Status>
        <apis:Status>IN_QUEUE</apis:Status>
        <apis:SubStatus>UPDATE_COMMON_ORDER_STATUS_TIMEOUT</apis:SubStatus>
        <apis:PathForward>REVIEW</apis:PathForward>
      </apis:Status>
    </apis:FaultAction>
    <apis:FaultAction CSIErrorCode="{ANY}" LoSGType="NEW, AL, ALF, UP,ACC,DEVICE" isBulk="N">
      <apis:Status>
        <apis:Status>IN_QUEUE</apis:Status>
        <apis:SubStatus>UPDATE_COMMON_ORDER_STATUS_FAIL</apis:SubStatus>
        <apis:PathForward>REVIEW</apis:PathForward>
      </apis:Status>
    </apis:FaultAction>
        <apis:FaultAction CSIErrorCode="0" LoSGType="NEW, AL, ALF, UP,ACC,DEVICE" isBulk="N">
      <apis:Status>
        <apis:Status>SUBMITTED</apis:Status>
        <apis:SubStatus>UPDATE_COMMON_ORDER_STATUS_PASS</apis:SubStatus>
        <apis:PathForward>REVIEW</apis:PathForward>
      </apis:Status>
    </apis:FaultAction>
  </apis:APIConfiguration>
  <apis:APIConfiguration APIName="InquirePortEligibilityBySubscriberNumber">
    <apis:FaultAction CSIErrorCode="200" LoSGType="NEW, AL, ALF" isBulk="N">
      <apis:Status>
        <apis:Status>IN_QUEUE</apis:Status>
        <apis:SubStatus>INQUIRE_PORT_ELIGIBILITY_TIMEOUT</apis:SubStatus>
        <apis:PathForward>REVIEW</apis:PathForward>
      </apis:Status>
    </apis:FaultAction>
    <apis:FaultAction CSIErrorCode="{ANY}" LoSGType="NEW, AL, ALF" isBulk="N">
      <apis:Status>
        <apis:Status>IN_QUEUE</apis:Status>
        <apis:SubStatus>INQUIRE_PORT_ELIGIBILITY_FAIL</apis:SubStatus>
        <apis:PathForward>REVIEW</apis:PathForward>
      </apis:Status>
    </apis:FaultAction>
        <apis:FaultAction CSIErrorCode="0" LoSGType="NEW, AL, ALF" isBulk="N">
      <apis:Status>
        <apis:Status>SYS_PROCESSING</apis:Status>
        <apis:SubStatus>INQUIRE_PORT_ELIGIBILITY_PASS</apis:SubStatus>
        <apis:PathForward>NEXT</apis:PathForward>
      </apis:Status>
    </apis:FaultAction>
  </apis:APIConfiguration>
  <apis:APIConfiguration APIName="AddAccount">
    <apis:FaultAction CSIErrorCode="200" LoSGType="NEW" isBulk="N">
      <apis:Status>
        <apis:Status>IN_QUEUE</apis:Status>
        <apis:SubStatus>ADD_ACCOUNT_TIMEOUT</apis:SubStatus>
        <apis:PathForward>REVIEW</apis:PathForward>
      </apis:Status>
    </apis:FaultAction>
    <apis:FaultAction CSIErrorCode="{ANY}" LoSGType="NEW" isBulk="N">
      <apis:Status>
        <apis:Status>IN_QUEUE</apis:Status>
        <apis:SubStatus>ADD_ACCOUNT_FAIL</apis:SubStatus>
        <apis:PathForward>REVIEW</apis:PathForward>
      </apis:Status>
    </apis:FaultAction>
        <apis:FaultAction CSIErrorCode="0" LoSGType="NEW" isBulk="N">
      <apis:Status>
        <apis:Status>SYS_PROCESSING</apis:Status>
        <apis:SubStatus>ADD_ACCOUNT_PASS</apis:SubStatus>
        <apis:PathForward>NEXT</apis:PathForward>
      </apis:Status>
    </apis:FaultAction>
  </apis:APIConfiguration>
  <apis:APIConfiguration APIName="AddConvergeBundledAccount">
    <apis:FaultAction CSIErrorCode="200" LoSGType="NEW" isBulk="N">
      <apis:Status>
        <apis:Status>IN_QUEUE</apis:Status>
        <apis:SubStatus>ADD_CONVERGE_BUNDLED_ACCOUNT_TIMEOUT</apis:SubStatus>
        <apis:PathForward>REVIEW</apis:PathForward>
      </apis:Status>
    </apis:FaultAction>
    <apis:FaultAction CSIErrorCode="{ANY}" LoSGType="NEW" isBulk="N">
      <apis:Status>
        <apis:Status>IN_QUEUE</apis:Status>
        <apis:SubStatus>ADD_CONVERGE_BUNDLED_ACCOUNT_FAIL</apis:SubStatus>
        <apis:PathForward>REVIEW</apis:PathForward>
      </apis:Status>
    </apis:FaultAction>
        <apis:FaultAction CSIErrorCode="0" LoSGType="NEW" isBulk="N">
      <apis:Status>
        <apis:Status>SYS_PROCESSING</apis:Status>
        <apis:SubStatus>ADD_CONVERGE_BUNDLED_ACCOUNT_PASS</apis:SubStatus>
        <apis:PathForward>NEXT</apis:PathForward>
      </apis:Status>
    </apis:FaultAction>
  </apis:APIConfiguration>
  <apis:APIConfiguration APIName="AddPort">
    <apis:FaultAction CSIErrorCode="200" LoSGType="NEW, AL, ALF" isBulk="N">
      <apis:Status>
        <apis:Status>IN_QUEUE</apis:Status>
        <apis:SubStatus>ADD_PORT_TIMEOUT</apis:SubStatus>
        <apis:PathForward>REVIEW</apis:PathForward>
      </apis:Status>
    </apis:FaultAction>
    <apis:FaultAction CSIErrorCode="{ANY}" LoSGType="NEW, AL, ALF" isBulk="N">
      <apis:Status>
        <apis:Status>IN_QUEUE</apis:Status>
        <apis:SubStatus>ADD_PORT_FAIL</apis:SubStatus>
        <apis:PathForward>REVIEW</apis:PathForward>
      </apis:Status>
    </apis:FaultAction>
        <apis:FaultAction CSIErrorCode="0" LoSGType="NEW, AL, ALF" isBulk="N">
      <apis:Status>
        <apis:Status>SYS_PROCESSING</apis:Status>
        <apis:SubStatus>ADD_PORT_PASS</apis:SubStatus>
        <apis:PathForward>NEXT</apis:PathForward>
      </apis:Status>
    </apis:FaultAction>
  </apis:APIConfiguration>
  <apis:APIConfiguration APIName="ReserveSubscriberNumber">
    <apis:FaultAction CSIErrorCode="200" LoSGType="NEW, AL, ALF" isBulk="N">
      <apis:Status>
        <apis:Status>IN_QUEUE</apis:Status>
        <apis:SubStatus>RESERVE_SUBSCRIBER_NUMBER_TIMEOUT</apis:SubStatus>
        <apis:PathForward>REVIEW</apis:PathForward>
      </apis:Status>
    </apis:FaultAction>
    <apis:FaultAction CSIErrorCode="{ANY}" LoSGType="NEW, AL, ALF" isBulk="N">
      <apis:Status>
        <apis:Status>IN_QUEUE</apis:Status>
        <apis:SubStatus>RESERVE_SUBSCRIBER_NUMBER_FAIL</apis:SubStatus>
        <apis:PathForward>REVIEW</apis:PathForward>
      </apis:Status>
    </apis:FaultAction>
        <apis:FaultAction CSIErrorCode="0" LoSGType="NEW, AL, ALF" isBulk="N">
      <apis:Status>
        <apis:Status>SYS_PROCESSING</apis:Status>
        <apis:SubStatus>RESERVE_SUBSCRIBER_NUMBER_PASS</apis:SubStatus>
        <apis:PathForward>NEXT</apis:PathForward>
      </apis:Status>
    </apis:FaultAction>
  </apis:APIConfiguration>
  <apis:APIConfiguration APIName="ReserveContractIdentifier">
    <apis:FaultAction CSIErrorCode="200" LoSGType="NEW, AL, ALF" isBulk="N">
      <apis:Status>
        <apis:Status>IN_QUEUE</apis:Status>
        <apis:SubStatus>RESERVE_CONTRACT_IDENTIFIER_TIMEOUT</apis:SubStatus>
        <apis:PathForward>REVIEW</apis:PathForward>
      </apis:Status>
    </apis:FaultAction>
    <apis:FaultAction CSIErrorCode="-15" LoSGType="NEW, AL, ALF" isBulk="N">
      <apis:Status>
        <apis:Status>CANCELED</apis:Status>
        <apis:SubStatus>EXCEEDED_LEASE_LIMIT</apis:SubStatus>
        <apis:PathForward>REVIEW</apis:PathForward>
      </apis:Status>
    </apis:FaultAction>
    <apis:FaultAction CSIErrorCode="{ANY}" LoSGType="NEW, AL, ALF" isBulk="N">
      <apis:Status>
        <apis:Status>IN_QUEUE</apis:Status>
        <apis:SubStatus>RESERVE_CONTRACT_IDENTIFIER_FAIL</apis:SubStatus>
        <apis:PathForward>REVIEW</apis:PathForward>
      </apis:Status>
    </apis:FaultAction>
        <apis:FaultAction CSIErrorCode="0" LoSGType="NEW, AL, ALF" isBulk="N">
      <apis:Status>
        <apis:Status>SYS_PROCESSING</apis:Status>
        <apis:SubStatus>RESERVE_CONTRACT_IDENTIFIER_PASS</apis:SubStatus>
        <apis:PathForward>NEXT</apis:PathForward>
      </apis:Status>
    </apis:FaultAction>
  </apis:APIConfiguration>
  <apis:APIConfiguration APIName="AddWirelinePayment">
    <apis:FaultAction CSIErrorCode="200" LoSGType="NEW, AL, ALF" isBulk="N">
      <apis:Status>
        <apis:Status>IN_QUEUE</apis:Status>
        <apis:SubStatus>ADD_WIRELINE_PAYMENT_TIMEOUT</apis:SubStatus>
        <apis:PathForward>REVIEW</apis:PathForward>
      </apis:Status>
    </apis:FaultAction>
    <apis:FaultAction CSIErrorCode="{ANY}" LoSGType="NEW, AL, ALF" isBulk="N">
      <apis:Status>
        <apis:Status>IN_QUEUE</apis:Status>
        <apis:SubStatus>ADD_WIRELINE_PAYMENT_FAIL</apis:SubStatus>
        <apis:PathForward>REVIEW</apis:PathForward>
      </apis:Status>
    </apis:FaultAction>
        <apis:FaultAction CSIErrorCode="0" LoSGType="NEW, AL, ALF" isBulk="N">
      <apis:Status>
        <apis:Status>SYS_PROCESSING</apis:Status>
        <apis:SubStatus>ADD_WIRELINE_PAYMENT_PASS</apis:SubStatus>
        <apis:PathForward>NEXT</apis:PathForward>
      </apis:Status>
    </apis:FaultAction>
  </apis:APIConfiguration>
  <apis:APIConfiguration APIName="ActivateSubscriberByIMEIType">
    <apis:FaultAction CSIErrorCode="200" LoSGType="NEW, AL, ALF" isBulk="N">
      <apis:Status>
        <apis:Status>SYS_PROCESSING</apis:Status>
        <apis:SubStatus>ACTIVATE_SUBSCRIBER_TIMEOUT_IGNORE</apis:SubStatus>
        <apis:PathForward>NEXT</apis:PathForward>
      </apis:Status>
    </apis:FaultAction>
    <apis:FaultAction CSIErrorCode="-15" LoSGType="NEW, AL, ALF" isBulk="N">
      <apis:Status>
        <apis:Status>CANCELED</apis:Status>
        <apis:SubStatus>EXCEEDED_LEASE_LIMIT</apis:SubStatus>
        <apis:PathForward>REVIEW</apis:PathForward>
      </apis:Status>
    </apis:FaultAction>
    <apis:FaultAction CSIErrorCode="{ANY}" LoSGType="NEW, AL, ALF" isBulk="N">
      <apis:Status>
        <apis:Status>SYS_PROCESSING</apis:Status>
        <apis:SubStatus>ACTIVATE_SUBSCRIBER_FAIL_IGNORE</apis:SubStatus>
        <apis:PathForward>NEXT</apis:PathForward>
      </apis:Status>
    </apis:FaultAction>
        <apis:FaultAction CSIErrorCode="0" LoSGType="NEW, AL, ALF" isBulk="N">
      <apis:Status>
        <apis:Status>SYS_PROCESSING</apis:Status>
        <apis:SubStatus>ACTIVATE_SUBSCRIBER_PASS</apis:SubStatus>
        <apis:PathForward>NEXT</apis:PathForward>
      </apis:Status>
    </apis:FaultAction>
  </apis:APIConfiguration>
  <apis:APIConfiguration APIName="InquireSubscriberProfileForASByIMEIType">
    <apis:FaultAction CSIErrorCode="200" LoSGType="NEW, AL, ALF" isBulk="N">
      <apis:Status>
        <apis:Status>SYS_PROCESSING</apis:Status>
        <apis:SubStatus>INQUIRE_SUBSCRIBER_PROFILE_TIMEOUT_IGNORE</apis:SubStatus>
        <apis:PathForward>NEXT</apis:PathForward>
      </apis:Status>
    </apis:FaultAction>
    <apis:FaultAction CSIErrorCode="{ANY}" LoSGType="NEW, AL, ALF" isBulk="N">
      <apis:Status>
        <apis:Status>SYS_PROCESSING</apis:Status>
        <apis:SubStatus>INQUIRE_SUBSCRIBER_PROFILE_FAIL_IGNORE</apis:SubStatus>
        <apis:PathForward>NEXT</apis:PathForward>
      </apis:Status>
    </apis:FaultAction>
        <apis:FaultAction CSIErrorCode="0" LoSGType="NEW, AL, ALF" isBulk="N">
      <apis:Status>
        <apis:Status>SYS_PROCESSING</apis:Status>
        <apis:SubStatus>INQUIRE_SUBSCRIBER_PROFILE_PASS</apis:SubStatus>
        <apis:PathForward>NEXT</apis:PathForward>
      </apis:Status>
    </apis:FaultAction>
  </apis:APIConfiguration>
  <apis:APIConfiguration APIName="AddFiberServiceAccount">
    <apis:FaultAction CSIErrorCode="200" LoSGType="NEW" isBulk="N">
      <apis:Status>
        <apis:Status>IN_QUEUE</apis:Status>
        <apis:SubStatus>ADD_FIBER_SERVICE_ACCOUNT_TIMEOUT</apis:SubStatus>
        <apis:PathForward>REVIEW</apis:PathForward>
      </apis:Status>
    </apis:FaultAction>
    <apis:FaultAction CSIErrorCode="{ANY}" LoSGType="NEW" isBulk="N">
      <apis:Status>
        <apis:Status>IN_QUEUE</apis:Status>
        <apis:SubStatus>ADD_FIBER_SERVICE_ACCOUNT_FAIL</apis:SubStatus>
        <apis:PathForward>REVIEW</apis:PathForward>
      </apis:Status>
    </apis:FaultAction>
        <apis:FaultAction CSIErrorCode="0" LoSGType="NEW" isBulk="N">
      <apis:Status>
        <apis:Status>SYS_PROCESSING</apis:Status>
        <apis:SubStatus>ADD_FIBER_SERVICE_ACCOUNT_PASS</apis:SubStatus>
        <apis:PathForward>NEXT</apis:PathForward>
      </apis:Status>
    </apis:FaultAction>
  </apis:APIConfiguration>
  <apis:APIConfiguration APIName="ActivateSubscriberByIMEI">
    <apis:FaultAction CSIErrorCode="200" LoSGType="NEW, AL, ALF" isBulk="N">
      <apis:Status>
        <apis:Status>IN_QUEUE</apis:Status>
        <apis:SubStatus>ACTIVATE_SUBSCRIBER_TIMEOUT</apis:SubStatus>
        <apis:PathForward>REVIEW</apis:PathForward>
      </apis:Status>
    </apis:FaultAction>
    <apis:FaultAction CSIErrorCode="-15" LoSGType="NEW, AL, ALF" isBulk="N">
      <apis:Status>
        <apis:Status>SHIPPED</apis:Status>
        <apis:SubStatus>ACTIVATE_SUBSCRIBER_FAIL</apis:SubStatus>
        <apis:PathForward>REVIEW</apis:PathForward>
      </apis:Status>
    </apis:FaultAction>
    <apis:FaultAction CSIErrorCode="{ANY}" LoSGType="NEW, AL, ALF" isBulk="N">
      <apis:Status>
        <apis:Status>IN_QUEUE</apis:Status>
        <apis:SubStatus>ACTIVATE_SUBSCRIBER_FAIL</apis:SubStatus>
        <apis:PathForward>REVIEW</apis:PathForward>
      </apis:Status>
    </apis:FaultAction>
        <apis:FaultAction CSIErrorCode="0" LoSGType="NEW, AL, ALF" isBulk="N">
      <apis:Status>
        <apis:Status>SYS_PROCESSING</apis:Status>
        <apis:SubStatus>ACTIVATE_SUBSCRIBER_PASS</apis:SubStatus>
        <apis:PathForward>NEXT</apis:PathForward>
      </apis:Status>
    </apis:FaultAction>
  </apis:APIConfiguration>
  <apis:APIConfiguration APIName="InquireSubscriberProfileForASByIMEI">
    <apis:FaultAction CSIErrorCode="200" LoSGType="NEW, AL, ALF" isBulk="N">
      <apis:Status>
        <apis:Status>IN_QUEUE</apis:Status>
        <apis:SubStatus>INQUIRE_SUBSCRIBER_PROFILE_TIMEOUT</apis:SubStatus>
        <apis:PathForward>REVIEW</apis:PathForward>
      </apis:Status>
    </apis:FaultAction>
    <apis:FaultAction CSIErrorCode="{ANY}" LoSGType="NEW, AL, ALF" isBulk="N">
      <apis:Status>
        <apis:Status>IN_QUEUE</apis:Status>
        <apis:SubStatus>INQUIRE_SUBSCRIBER_PROFILE_FAIL</apis:SubStatus>
        <apis:PathForward>REVIEW</apis:PathForward>
      </apis:Status>
    </apis:FaultAction>
        <apis:FaultAction CSIErrorCode="0" LoSGType="NEW, AL, ALF" isBulk="N">
      <apis:Status>
        <apis:Status>SYS_PROCESSING</apis:Status>
        <apis:SubStatus>INQUIRE_SUBSCRIBER_PROFILE_PASS</apis:SubStatus>
        <apis:PathForward>NEXT</apis:PathForward>
      </apis:Status>
    </apis:FaultAction>
  </apis:APIConfiguration>
  <apis:APIConfiguration APIName="ExecuteCreditCheck">
    <apis:FaultAction CSIErrorCode="200" LoSGType="AL, ALF" isBulk="N">
      <apis:Status>
        <apis:Status>IN_QUEUE</apis:Status>
        <apis:SubStatus>EXECUTE_CREDIT_CHECK_TIMEOUT</apis:SubStatus>
        <apis:PathForward>REVIEW</apis:PathForward>
      </apis:Status>
    </apis:FaultAction>
    <apis:FaultAction CSIErrorCode="{ANY}" LoSGType="AL, ALF" isBulk="N">
      <apis:Status>
        <apis:Status>IN_QUEUE</apis:Status>
        <apis:SubStatus>EXECUTE_CREDIT_CHECK_FAIL</apis:SubStatus>
        <apis:PathForward>REVIEW</apis:PathForward>
      </apis:Status>
    </apis:FaultAction>
        <apis:FaultAction CSIErrorCode="0" LoSGType="AL, ALF" isBulk="N">
      <apis:Status>
        <apis:Status>SYS_PROCESSING</apis:Status>
        <apis:SubStatus>EXECUTE_CREDIT_CHECK_PASS</apis:SubStatus>
        <apis:PathForward>NEXT</apis:PathForward>
      </apis:Status>
    </apis:FaultAction>
  </apis:APIConfiguration>
  <apis:APIConfiguration APIName="InquirePortDF">
    <apis:FaultAction CSIErrorCode="200" LoSGType="AL, ALF" isBulk="N">
      <apis:Status>
        <apis:Status>IN_QUEUE</apis:Status>
        <apis:SubStatus>INQUIRE_PORT_TIMEOUT</apis:SubStatus>
        <apis:PathForward>REVIEW</apis:PathForward>
      </apis:Status>
    </apis:FaultAction>
    <apis:FaultAction CSIErrorCode="{ANY}" LoSGType="AL, ALF" isBulk="N">
      <apis:Status>
        <apis:Status>IN_QUEUE</apis:Status>
        <apis:SubStatus>INQUIRE_PORT_FAIL</apis:SubStatus>
        <apis:PathForward>REVIEW</apis:PathForward>
      </apis:Status>
    </apis:FaultAction>
        <apis:FaultAction CSIErrorCode="0" LoSGType="AL, ALF" isBulk="N">
      <apis:Status>
        <apis:Status>SYS_PROCESSING</apis:Status>
        <apis:SubStatus>INQUIRE_PORT_PASS</apis:SubStatus>
        <apis:PathForward>NEXT</apis:PathForward>
      </apis:Status>
    </apis:FaultAction>
  </apis:APIConfiguration>
  <apis:APIConfiguration APIName="InquirePortC2S">
    <apis:FaultAction CSIErrorCode="200" LoSGType="AL, ALF" isBulk="N">
      <apis:Status>
        <apis:Status>SYS_PROCESSING</apis:Status>
        <apis:SubStatus>INQUIRE_PORT_TIMEOUT_IGNORE</apis:SubStatus>
        <apis:PathForward>NEXT</apis:PathForward>
      </apis:Status>
    </apis:FaultAction>
    <apis:FaultAction CSIErrorCode="{ANY}" LoSGType="AL, ALF" isBulk="N">
      <apis:Status>
        <apis:Status>SYS_PROCESSING</apis:Status>
        <apis:SubStatus>INQUIRE_PORT_FAIL_IGNORE</apis:SubStatus>
        <apis:PathForward>NEXT</apis:PathForward>
      </apis:Status>
    </apis:FaultAction>
     <apis:FaultAction CSIErrorCode="0" LoSGType="AL, ALF" isBulk="N">
      <apis:Status>
        <apis:Status>SYS_PROCESSING</apis:Status>
        <apis:SubStatus>INQUIRE_PORT_PASS</apis:SubStatus>
        <apis:PathForward>NEXT</apis:PathForward>
      </apis:Status>
    </apis:FaultAction>
  </apis:APIConfiguration>
  <apis:APIConfiguration APIName="InquireFanProfile">
    <apis:FaultAction CSIErrorCode="200" LoSGType="NEW, AL, UP" isBulk="Y">
      <apis:Status>
        <apis:Status>SYS_PROCESSING</apis:Status>
        <apis:SubStatus>INQUIRE_FAN_PROFILE_TIMEOUT_IGNORE</apis:SubStatus>
        <apis:PathForward>NEXT</apis:PathForward>
      </apis:Status>
    </apis:FaultAction>
    <apis:FaultAction CSIErrorCode="{ANY}" LoSGType="NEW, AL, UP" isBulk="Y">
      <apis:Status>
        <apis:Status>SYS_PROCESSING</apis:Status>
        <apis:SubStatus>INQUIRE_FAN_PROFILE_FAIL_IGNORE</apis:SubStatus>
        <apis:PathForward>NEXT</apis:PathForward>
      </apis:Status>
    </apis:FaultAction>
        <apis:FaultAction CSIErrorCode="0" LoSGType="NEW, AL, UP" isBulk="Y">
      <apis:Status>
        <apis:Status>SYS_PROCESSING</apis:Status>
        <apis:SubStatus>INQUIRE_FAN_PROFILE_PASS</apis:SubStatus>
        <apis:PathForward>NEXT</apis:PathForward>
      </apis:Status>
    </apis:FaultAction>
  </apis:APIConfiguration>
  <apis:APIConfiguration APIName="InquireMarketServiceArea">
    <apis:FaultAction CSIErrorCode="200" LoSGType="NEW, AL" isBulk="Y">
      <apis:Status>
        <apis:Status>IN_QUEUE</apis:Status>
        <apis:SubStatus>INQUIRE_MARKET_SERVICE_AREA_TIMEOUT</apis:SubStatus>
        <apis:PathForward>REVIEW</apis:PathForward>
      </apis:Status>
    </apis:FaultAction>
    <apis:FaultAction CSIErrorCode="{ANY}" LoSGType="NEW, AL" isBulk="Y">
      <apis:Status>
        <apis:Status>IN_QUEUE</apis:Status>
        <apis:SubStatus>INQUIRE_MARKET_SERVICE_AREA_FAIL</apis:SubStatus>
        <apis:PathForward>REVIEW</apis:PathForward>
      </apis:Status>
    </apis:FaultAction>
        <apis:FaultAction CSIErrorCode="0" LoSGType="NEW, AL" isBulk="Y">
      <apis:Status>
        <apis:Status>SYS_PROCESSING</apis:Status>
        <apis:SubStatus>INQUIRE_MARKET_SERVICE_AREA_PASS</apis:SubStatus>
        <apis:PathForward>NEXT</apis:PathForward>
      </apis:Status>
    </apis:FaultAction>
  </apis:APIConfiguration>
  <apis:APIConfiguration APIName="InquireAvailableDevice">
    <apis:FaultAction CSIErrorCode="200" LoSGType="NEW, AL, UP" isBulk="Y">
      <apis:Status>
        <apis:Status>IN_QUEUE</apis:Status>
        <apis:SubStatus>INQUIRE_AVAILABLE_DEVICE_TIMEOUT</apis:SubStatus>
        <apis:PathForward>REVIEW</apis:PathForward>
      </apis:Status>
    </apis:FaultAction>
    <apis:FaultAction CSIErrorCode="{ANY}" LoSGType="NEW, AL, UP" isBulk="Y">
      <apis:Status>
        <apis:Status>IN_QUEUE</apis:Status>
        <apis:SubStatus>INQUIRE_AVAILABLE_DEVICE_FAIL</apis:SubStatus>
        <apis:PathForward>REVIEW</apis:PathForward>
      </apis:Status>
    </apis:FaultAction>
        <apis:FaultAction CSIErrorCode="0" LoSGType="NEW, AL, UP" isBulk="Y">
      <apis:Status>
        <apis:Status>SYS_PROCESSING</apis:Status>
        <apis:SubStatus>INQUIRE_AVAILABLE_DEVICE_PASS</apis:SubStatus>
        <apis:PathForward>NEXT</apis:PathForward>
      </apis:Status>
    </apis:FaultAction>
  </apis:APIConfiguration>
  <apis:APIConfiguration APIName="InquireUpgradeEligibility">
    <apis:FaultAction CSIErrorCode="200" LoSGType="UP" isBulk="Y">
      <apis:Status>
        <apis:Status>IN_QUEUE</apis:Status>
        <apis:SubStatus>INQUIRE_UPGRADE_ELIGIBILITY_TIMEOUT</apis:SubStatus>
        <apis:PathForward>REVIEW</apis:PathForward>
      </apis:Status>
    </apis:FaultAction>
    <apis:FaultAction CSIErrorCode="{ANY}" LoSGType="UP" isBulk="Y">
      <apis:Status>
        <apis:Status>IN_QUEUE</apis:Status>
        <apis:SubStatus>INQUIRE_UPGRADE_ELIGIBILITY_FAIL</apis:SubStatus>
        <apis:PathForward>REVIEW</apis:PathForward>
      </apis:Status>
    </apis:FaultAction>
        <apis:FaultAction CSIErrorCode="0" LoSGType="UP" isBulk="Y">
      <apis:Status>
        <apis:Status>SYS_PROCESSING</apis:Status>
        <apis:SubStatus>INQUIRE_UPGRADE_ELIGIBILITY_PASS</apis:SubStatus>
        <apis:PathForward>NEXT</apis:PathForward>
      </apis:Status>
    </apis:FaultAction>
  </apis:APIConfiguration>
  <apis:APIConfiguration APIName="ReserveAndBindESIM">
    <apis:FaultAction CSIErrorCode="200" LoSGType="NEW, AL" isBulk="Y">
      <apis:Status>
        <apis:Status>IN_QUEUE</apis:Status>
        <apis:SubStatus>RESERVE_AND_BIND_ESIM_TIMEOUT</apis:SubStatus>
        <apis:PathForward>REVIEW</apis:PathForward>
      </apis:Status>
    </apis:FaultAction>
    <apis:FaultAction CSIErrorCode="{ANY}" LoSGType="NEW, AL" isBulk="Y">
      <apis:Status>
        <apis:Status>IN_QUEUE</apis:Status>
        <apis:SubStatus>RESERVE_AND_BIND_ESIM_FAIL</apis:SubStatus>
        <apis:PathForward>REVIEW</apis:PathForward>
      </apis:Status>
    </apis:FaultAction>
        <apis:FaultAction CSIErrorCode="0" LoSGType="NEW, AL" isBulk="Y">
      <apis:Status>
        <apis:Status>SYS_PROCESSING</apis:Status>
        <apis:SubStatus>RESERVE_AND_BIND_ESIM_PASS</apis:SubStatus>
        <apis:PathForward>NEXT</apis:PathForward>
      </apis:Status>
    </apis:FaultAction>
  </apis:APIConfiguration>
</aetgt:APIConfigurations>
