<rcfg:retryPolicies xmlns:rcfg="http://oce.att.com/OCE/Namespaces/config/retry-config">
	<rcfg:retryPolicy id="default">
		<rcfg:Conditions>
			<!-- 
				IMP NOTE: 
				When same exception is configured with multiple different conditions, 
				only the first matching configuration will be used.
				Hence, make sure the conditions are defined in the order they are supposed to be considered.
				
				Limitation:
				 - variable name should be $p1
				 - namespace in the conditions is currently limited to below
		 			xmlns:aeretry='http://www.activebpel.org/services/retry'
					xmlns:csifault='http://csi.cingular.com/CSI/Namespaces/Types/Public/SoapFaultDetails.xsd'
                    xmlns:cin='http://csi.cingular.com/CSI/Namespaces/Types/Public/CingularDataModel.xsd'
                    xmlns:csierr='http://csi.cingular.com/CSI/Namespaces/Types/Public/ErrorResponse.xsd'					

			 -->
			 <!-- Cancel Wireline Payment 200  -->
			<rcfg:faultName name="com.att.oce.services.utils.CSIException">
				<rcfg:condition>
					<rcfg:test>${errorCode == '200' and interfaceName=='idue'}</rcfg:test>
					<rcfg:retry-config ref="retry-with-3-intervals-csi"/>
				</rcfg:condition>
			</rcfg:faultName>
			
			<rcfg:faultName name="com.att.oce.services.utils.CSIException">
				<rcfg:condition>
					<rcfg:test>${interfaceName=='AddNote'}</rcfg:test>
					<rcfg:retry-config ref="no-retry-intervals-csi"/>
				</rcfg:condition>
								<rcfg:condition>
					<rcfg:test>${interfaceName=='idue'}</rcfg:test>
					<rcfg:retry-config ref="retry-with-3-intervals-csi"/>
				</rcfg:condition>
								<rcfg:condition>
					<rcfg:test>${interfaceName=='iap'}</rcfg:test>
					<rcfg:retry-config ref="retry-with-3-intervals-csi"/>
				</rcfg:condition>
								<rcfg:condition>
					<rcfg:test>${interfaceName=='ids'}</rcfg:test>
					<rcfg:retry-config ref="retry-with-3-intervals-csi"/>
				</rcfg:condition>
										<rcfg:condition>
					<rcfg:test>${interfaceName=='pdu'}</rcfg:test>
					<rcfg:retry-config ref="retry-with-3-intervals-csi"/>
				</rcfg:condition>
			</rcfg:faultName>
			
			<rcfg:faultName name="java.lang.Exception">
				<rcfg:condition>
					<rcfg:test>${errorCode =='500' and interfaceName=='atg_createTask'}</rcfg:test>
					<rcfg:retry-config ref="no-retry-intervals-csi"/>
				</rcfg:condition>
			</rcfg:faultName>
			
		</rcfg:Conditions>
		<rcfg:RetryConfigs>
			
			<rcfg:RetryConfig id="retry-with-3-intervals-csi">
				<rcfg:retry>yes</rcfg:retry>
				<rcfg:retryCount>3</rcfg:retryCount>
				<rcfg:retryInterval>10</rcfg:retryInterval>
				<rcfg:retryInterval>10</rcfg:retryInterval>
				<rcfg:retryInterval>10</rcfg:retryInterval>										
			</rcfg:RetryConfig>
			
			<rcfg:RetryConfig id="retry-with-3d-intervals-csi">
				<rcfg:retry>yes</rcfg:retry>
				<rcfg:retryCount>3</rcfg:retryCount>
				<rcfg:retryInterval>10</rcfg:retryInterval>
				<rcfg:retryInterval>20</rcfg:retryInterval>
				<rcfg:retryInterval>60</rcfg:retryInterval>										
			</rcfg:RetryConfig>
			
			<rcfg:RetryConfig id="no-retry-intervals-csi">
				<rcfg:retry>no</rcfg:retry>													
			</rcfg:RetryConfig>
			
			
		</rcfg:RetryConfigs>
	</rcfg:retryPolicy>
</rcfg:retryPolicies>