<?xml version="1.0" encoding="ISO-8859-1"?>
<web-app xmlns="http://java.sun.com/xml/ns/javaee" xmlns:xsi="http://www.w3.org/2001/XMLSchema-instance"
	xsi:schemaLocation="http://java.sun.com/xml/ns/javaee http://java.sun.com/xml/ns/javaee/web-app_3_0.xsd"
	metadata-complete="false" version="3.0">
	
	<filter-mapping>
		<filter-name>InterceptorFilter</filter-name>
		<url-pattern>/services/*</url-pattern>
	</filter-mapping> 
	<filter-mapping>
		<filter-name>InterceptorFilter</filter-name>
		<url-pattern>/rest/*</url-pattern>
 	</filter-mapping>  


	<!-- BEGIN CAMUNDA -->
	
  <filter-mapping>
    <filter-name>Authentication Filter</filter-name>
    <url-pattern>/camunda/*</url-pattern>
    <!--  dispatcher>REQUEST</dispatcher -->
  </filter-mapping>
  
  <filter-mapping>
    <filter-name>SecurityFilter</filter-name>
    <url-pattern>/camunda/*</url-pattern>
    <!--  dispatcher>REQUEST</dispatcher -->
  </filter-mapping>
  	
  <filter-mapping>
    <filter-name>Engines Filter</filter-name>
    <url-pattern>/camunda/app/*</url-pattern>
    <!--  dispatcher>REQUEST</dispatcher -->
  </filter-mapping>
  
  <filter-mapping>
    <filter-name>CacheControlFilter</filter-name>
    <url-pattern>/camunda/api/*</url-pattern>
  </filter-mapping>
  
	<!-- END CAMUNDA -->		
  
  	<filter-mapping>
		<filter-name>springSecurityFilterChain</filter-name>
		<url-pattern>/*</url-pattern>
	</filter-mapping>
	
	<!-- BEGIN CAMUNDA -->		

  <servlet-mapping>
    <servlet-name>Cockpit Api</servlet-name>
    <url-pattern>/camunda/api/cockpit/*</url-pattern>
  </servlet-mapping>

  <servlet-mapping>
    <servlet-name>Admin Api</servlet-name>
    <url-pattern>/camunda/api/admin/*</url-pattern>
  </servlet-mapping>

  <servlet-mapping>
    <servlet-name>Tasklist Api</servlet-name>
    <url-pattern>/camunda/api/tasklist/*</url-pattern>
  </servlet-mapping>

  <servlet-mapping>
    <servlet-name>Engine Api</servlet-name>
    <url-pattern>/camunda/api/engine/*</url-pattern>
  </servlet-mapping>

  <servlet-mapping>
    <servlet-name>default</servlet-name>
    <url-pattern>/camunda/*</url-pattern>
  </servlet-mapping>

  
	<!-- END CAMUNDA -->	
		
	<servlet-mapping>
		<servlet-name>ManagementServlet</servlet-name>
		<url-pattern>/mgmt</url-pattern>
	</servlet-mapping>
	 
	 <servlet-mapping>
			<servlet-name>RestletServlet</servlet-name>
			<url-pattern>/rest/*</url-pattern>
	</servlet-mapping>

 	<servlet-mapping>
		<servlet-name>CamelServlet</servlet-name>
		<url-pattern>/services/*</url-pattern>
	</servlet-mapping>
	
	<servlet>
      <servlet-name>jolokia-agent</servlet-name>
      <servlet-class>org.jolokia.http.AgentServlet</servlet-class>
      <load-on-startup>2</load-on-startup>
    </servlet>

    <servlet-mapping>
      <servlet-name>jolokia-agent</servlet-name>
      <url-pattern>/jolokia/*</url-pattern>
    </servlet-mapping>

</web-app>